X,Y,Z
-451.4940256801964,-625.5825980289462,-721.64785719975
133.31176069780847,360.3009338687148,657.0482507138054
-634.3740535134974,-188.40044615737474,-2.2606080845646375
-237.24610273880137,-216.35104899741077,-973.0761248359139
-127.96433036323117,-100.67311183023912,-541.1319229422959
-188.92151810153632,-146.44139044651968,-758.4469223464383
-583.4601372101009,-983.4130080693126,-742.7205068780887
613.15572826979,29.80835173070175,797.4749603437108
192.61312687016866,666.5876142222027,889.6954997221228
19.27143243725581,693.841558207565,826.1785746408366
618.3001458052196,943.5545105759171,752.5301022043129
-632.5038670045031,-863.1680149168544,-170.01521223811596
975.1718190843008,368.5051337212382,978.5581616162797
-386.99988203551914,-399.05478133304007,-918.9150769557664
-220.72528371540034,-756.2494667133617,-619.703013663004
-236.8536381472769,-362.4278873038809,-810.6483773227519
210.4940800936235,339.08422101464674,592.8440551148005
959.1810280376262,396.05973117284447,407.5311863742392
-743.0926549859643,-121.06834187391075,-361.56473924724696
-517.7987924390757,-391.13094697795566,-902.6798240594118
-6.169980335796936,-636.0875598582186,-450.874349044964
98.18571676671411,857.6075640368322,968.3177168175804
32.51579043199809,684.3755228822224,129.6761994124214
-246.19436301258452,-499.91998595473063,-327.4713639137626
-377.58254967767414,-626.5127552933911,-748.5009445024598
-27.526382546450463,-296.3860984378074,-694.4654333127626
-30.05108641211166,-906.8390037642355,-590.4777029121601
-646.65158601401,-247.32088244330328,-387.70131420587086
463.7891517213399,610.2281415725513,738.468167582415
-757.9808628100415,-403.5402439435263,-92.25578104980104
-900.823477061988,-463.34519411942244,-890.3119232964214
526.5631402153466,206.80973989680308,614.6236108377473
659.7031710962049,278.7090239426582,302.4727433721703
101.32260593964293,629.3486116108642,295.9395701549156
-474.0681347875917,-985.0783913422855,-207.9270164225909
99.04314833286432,970.7977373355844,475.82933933902217
-288.08817653570907,-375.12772479798355,-430.332301013313
-636.0960658252563,-950.2815971645658,-899.1879849284803
690.3442890330905,174.46172471927468,745.9982560198097
-574.3001109338827,-208.1681837964279,-309.49835327453286
-285.92517712452275,-136.90979540935143,-321.3064554032446
-886.5929564593444,-161.96615410576567,-139.4439171357659
-218.76358352259012,-885.1366668421833,-434.60836143634117
622.0025414901219,542.797146340713,155.4519090314608
-709.2635697765631,-921.3375296719107,-341.15037465182684
-222.73112530558672,-587.6883828004056,-792.7820943006712
-572.2621457220787,-410.79373839184177,-34.92130248285889
-756.6487353654676,-475.8946218833388,-114.19567029360599
-689.7449092848531,-669.9707545771856,-601.704423475391
-757.727636961341,-451.4932661535298,-593.552597730099
-77.9623199182422,-310.12123499579354,-945.8297322822918
-906.3278278198909,-533.3571217914935,-373.7565118669892
526.3740369163203,837.4885604341382,983.5557371532956
-72.16995676749661,-674.0778868874781,-25.34516028959729
-376.5805811046681,-716.3021473294734,-545.9991276883413
345.8719846210162,382.90458315186186,269.8790153734731
40.11530328399956,217.09498197684152,478.9106774750646
-672.6721968218326,-566.2760068190094,-474.66008911243546
-494.83912997738247,-843.6048723742203,-96.43914393462046
946.7982469314248,47.05199030062285,987.0468239589031
550.6286564345343,405.97594252370743,829.6818993411764
534.6931660978929,853.9945481446572,640.787331548986
654.2822907142853,302.6971692567259,513.4738244171607
759.6040358747175,410.8410950053964,644.5278818391558
699.563293236719,929.6881671719708,689.6128592777865
349.6503480055314,566.3777348532601,189.43631225599194
272.3451355176567,397.8692139199674,205.7728308899633
-354.95827917412714,-18.005404595260188,-892.794504337053
63.63191302697318,189.7080585692518,924.8082649796788
622.4339559906736,582.7404556529154,36.937885144036144
-127.45085918671157,-493.8569585887297,-418.34412061101716
146.73232753503635,724.1453154028277,887.1345216994146
-392.0409720068394,-775.8493676897544,-646.3113059805262
469.1683948762927,546.5017182609921,149.2626469656368
-947.2110805832015,-252.08691969850975,-376.62997845859445
219.77771440300612,726.3951140228259,452.8106235178218
-838.5701906078233,-345.5977173326828,-506.6613399095113
-675.2226385923708,-8.941134084113173,-940.8406452033471
-239.84154612027112,-640.3413813158309,-905.5836473402649
36.68485806203077,664.7967384257081,799.6919148289011
485.2024419334766,763.5850766704025,752.6073008286991
364.4643798026587,196.38842791755346,393.09154903663716
654.1886141298812,432.5471803666045,871.9776321489425
-330.46156845093094,-959.2026451708612,-988.5584620818371
340.85089274284275,7.294626484720041,766.8447479330655
740.7780099554434,290.26252551954235,604.834668265746
687.2727122441352,340.40034459752474,759.503048864823
-867.3266505440217,-680.418933217228,-846.4420376487104
-310.2777306258787,-111.10100947104615,-977.643488508042
767.7600864122296,578.2410983321005,97.79176677341061
637.1039409895759,161.54328831411667,607.2839649476861
-430.8260180627907,-55.03009160416434,-797.14350925146
-241.59339855520534,-554.539004591265,-885.2327062152501
944.0708954118339,614.3575283546337,470.8300309266018
53.901725872584585,998.9108609333441,687.0770314221564
-987.0565486668012,-177.6445027613812,-645.8418548707923
-297.73961016652254,-273.9085079937065,-827.6333152360727
-927.6269598416754,-221.09782455138065,-681.9386219644429
-332.4033536679053,-859.8265314794032,-146.81810498086088
-719.185233261117,-142.16970458022422,-608.0599277820575
-801.1292239964769,-689.7346994629634,-281.03772310440866
837.92432847834,546.7839918004731,363.6968402125783
790.9655615981524,421.7958244166641,68.76191071557909
-849.6027897751604,-748.6885620660164,-531.1881668233427
-969.2260363224262,-888.0148564045354,-567.6904866168082
187.68252193205024,743.4085752772868,748.5947013671763
870.3752482628822,456.7892151797253,707.8654134700492
-333.6396633238314,-900.0825175240518,-6.193885069428006
-950.6670436732966,-885.1098752565031,-646.3281536467491
-681.7609033239946,-321.0384809531945,-25.67299817685216
-308.8480953831429,-852.9541366082422,-939.5844052631762
455.9744243233712,506.13461158704877,481.1306648479308
-894.7537712840726,-515.2667659192674,-394.43056669235773
8.851274619262506,245.81979405032598,614.4635421700626
17.171558055814117,849.1331883839625,861.4610328809139
432.78122412967866,98.9347601676736,767.7454872364004
886.6616264336067,856.4877052282858,858.5467174113342
-726.5230938856881,-138.2936020011656,-904.2625369380551
316.6581739026966,399.7609310905327,950.2548993198048
-86.68053401386294,-303.0392485253037,-881.9118797528056
-173.13595098715666,-690.4665433881513,-134.02551335880491
-479.962109271387,-275.3599738539175,-932.3474386362916
-731.9737270022981,-684.3067036870628,-300.86295334842544
-574.0271836612296,-779.1004800287485,-674.1390671790514
-764.3359212137385,-365.6313131593065,-400.34614972024553
720.9806112839274,836.0223131266656,132.11812528024802
629.2153974584975,253.19199929235165,521.6854899424233
104.79147770054205,859.459810314895,26.824121658093485
744.6773985173753,422.9368207779872,575.32146517592
-851.4706617413219,-143.80076257032067,-23.427060198225718
447.06192152306664,329.3029129913744,683.370668285874
604.2480723246141,376.19702726569557,146.47400858662547
-271.59222682244535,-309.10896705407436,-753.4543301738776
-212.14699948474833,-933.522478932596,-805.0762885174421
417.0376909716734,592.4472151180372,844.6688463471667
-708.7283643151695,-401.31885873406713,-133.67528873832998
657.9085298598127,255.4693296237374,427.59960469184654
304.68169607714094,271.5538286164852,217.1339052396016
488.64160779797425,624.9158754359555,812.3876479827923
582.2076389775483,157.57213316310342,829.0539320879136
264.7977889755851,370.44423821085286,183.78689388592883
482.0459202489801,321.38104704819773,228.98090674102872
-404.02136705066425,-364.57435839653476,-812.7388286397874
-640.6277607741172,-928.5525763548646,-943.3394209927694
436.36653999528767,202.42794267527398,577.0326147464491
-861.5835120323336,-653.4069136549265,-857.004476947804
-234.25735758795554,-541.1197570682903,-196.44128688465582
627.799203079896,498.10991594300873,586.7426360956669
209.1671146922725,879.7423845897492,571.3238963603143
-15.820571005696024,-179.4201239811307,-717.6964830821665
-823.7475315795671,-753.8527909911827,-966.6348798931075
-612.8550259158437,-690.2978733915523,-433.77329518993224
601.8809705763225,808.8024472968535,249.11169389315563
678.363406921557,779.0348663545253,545.4672327760464
-458.2519563927335,-185.3141061688799,-327.6521783711572
792.1104114494575,353.919003752638,82.95756130372217
-95.80762472150866,-276.05629276986645,-549.4540091738877
265.7837819981894,442.7019551438842,865.1358566291441
424.2393180466819,954.586336696055,392.4425412258129
-447.3850184981417,-102.30616531306237,-186.89262208172966
-559.5110478074764,-837.1229741448019,-248.77584444432603
-84.79694226727156,-698.2777361968067,-576.6991066695462
-892.5318480298462,-701.5873507170511,-467.64228803584456
-263.21799871369967,-407.2070567579425,-23.074729025691568
880.6529436209388,445.9396694107763,453.2615321266215
-542.8383467200154,-993.3265055326158,-563.4699268295944
-304.02111968221016,-920.5303470582187,-896.5149182654548
366.0507772189593,148.6197037224719,777.2668750594248
845.8433133956296,493.9703963979099,870.9171823547432
942.7135802891111,53.9181637318887,480.5837316377537
-5.312394532811709,-354.1892948962359,-168.10972154677836
56.94718802975855,245.8296619592994,536.0819764880786
160.42274063048185,260.5842533289236,956.576886345163
-510.48850243268555,-16.95860319940516,-758.527802157569
-296.72897633414163,-495.49821790051766,-773.6361600726858
330.6095764280376,903.8400788337626,815.7436971922589
-546.0741726215707,-393.4983158883989,-332.7781121181382
-465.8225469143109,-260.4196320926046,-650.5536314198218
406.53469432220277,310.5243309084176,686.9852631747525
902.2015598750625,221.44538361488455,288.309040506929
328.28460473969244,861.5161284227491,850.2289188255471
-519.5795792755042,-118.99631927488088,-628.5623916055266
585.8777606794474,417.6866285304578,245.32506458778005
-602.138159950461,-540.6867758223638,-338.29103651310527
-43.13684870141299,-687.5113834869617,-458.05585127384586
-735.5950913472499,-312.0988410200828,-793.5078994142193
-447.6866996541547,-826.350731611142,-706.8014133911611
671.1189706908948,552.4605677613304,210.6630783333245
476.6984511083202,83.14921643257694,214.83264455344803
-371.2919643894842,-850.7562670278854,-949.8842623608582
753.6697671029086,936.99504462877,763.6437375248559
55.79977665136383,49.35536724986094,66.90480333279751
193.49286759431178,889.7670155713199,740.9705406445382
84.88660746369429,492.8127162946826,599.1991924996138
62.86633889279729,685.7905091274795,783.6384016804637
-722.595848257967,-240.61495636669633,-778.6077776448251
-602.4088014338437,-271.927349453837,-825.4433934387703
-454.7512075634502,-929.2109655945368,-46.83539494570891
-680.430360134952,-875.0733995211629,-472.45334395720556
-587.3205998550976,-341.488121431237,-897.8586614788896
-130.70247859094388,-814.878227620596,-812.4026080401433
-332.5478269322599,-958.1296203399321,-444.11083588701854
746.5321970307253,720.9768918173266,453.7602024342269
-976.979257282057,-909.0218619972854,-306.91825152902777
636.0640245027959,285.9172391718112,538.0408274806576
118.70547467434477,307.15051546745366,930.7924662240059
300.9558106709053,156.2106366674632,313.6854681203707
448.09520788274415,801.0447689158436,158.30876974095688
-380.4812726527739,-327.6552764938672,-616.6095017793241
310.9206531464374,530.0343534708071,583.6396380330698
381.95663019605576,890.3723905900807,507.43066672796033
-213.33819919841892,-846.4608721938691,-553.7716406316576
82.33671126061373,23.809515195706386,408.6041445334122
-705.593657477906,-232.3425749530753,-129.54894216754144
-857.5875707121252,-96.15898623081978,-439.5039188711954
-291.8350599481113,-563.6365549366155,-656.7938052865313
-513.2794705715291,-62.06338669320587,-557.5223231829763
-430.67826267266446,-620.6549823521285,-723.0374523605333
418.614370830922,186.83594376965502,979.2724431780075
-106.80852745558241,-477.3476405184766,-292.05870988046695
414.09860633625243,566.0299572809432,489.1245503904055
39.637516796551104,818.6959107556092,38.75793183263589
211.58888370753823,412.1609912656628,728.8487042866306
197.09271175240391,763.4316353029934,727.1303186316363
175.77670937564335,709.3863165184613,582.8953182751001
389.0865333466079,138.78240138718454,793.4514337613639
-852.639446376693,-712.3201864669543,-354.967776614482
-423.9263327821692,-41.34696673546887,-273.6874054464804
-309.49858845759263,-46.716635070191614,-815.3560806604396
354.6575177118272,160.47557147675653,127.38375456614615
941.1187539694959,100.8188394663999,578.3065924679557
724.9761356421335,882.0647083588705,924.3051083064283
194.0644770018291,659.5357703607918,756.7881940582611
850.7451630351825,837.2503723714135,488.50527737193505
-199.06225751395368,-439.1826756634265,-83.28218125504816
648.698174694179,31.51572256881824,906.416006665551
15.60256326768826,526.0390640218466,585.5846296239985
-864.8711744227172,-184.3697260079282,-807.5005905136809
40.71398901957896,198.2332584862341,379.34851294787006
-407.51474448830027,-73.00143270440878,-208.90852115238226
-479.66603393341586,-64.4940624855866,-287.94571570903975
659.7916595183876,838.7111571500931,480.13542158214176
31.631037619677123,526.4881751547653,426.9913602039103
-835.3882022116487,-516.6654036207364,-827.562212147332
-841.4837937951743,-810.7891895033923,-126.51637415231767
-358.8638370434526,-927.9823856604029,-432.06749843660305
299.305032062255,984.7854998935487,699.2720804126188
-325.0472786763967,-864.2726008054271,-478.8226949886522
203.10196392185975,722.536895847581,623.2363787920625
-708.5288102102838,-455.71818639547234,-902.8709461775625
-434.075658725141,-558.0573971232352,-554.8557866341769
474.084599352146,45.29651371980182,900.9970096266687
-834.4034735312684,-84.16230836477826,-176.05404678976265
895.1239536361804,446.83790119881365,865.5447481018293
561.0176045167882,544.1196526812511,602.753373694468
534.3556889848903,956.0483767092409,57.03438776340538
95.4851020391358,572.8508333709343,802.311663034214
546.5504749197821,349.8839433870673,360.11920586542664
1.4745776111846132,343.82562570763776,422.7602427954455
759.7830020360689,490.3775873819108,318.8570668886981
-456.3713514947209,-387.44593776929435,-397.92516852556025
-964.8562278594497,-425.4505669757341,-248.69301277440638
753.4081911478894,786.6448474757317,110.74786934580021
9.341393006607282,404.9346313950162,700.1695821498254
-894.1528004988564,-879.243340461607,-413.4120610443033
-707.9218280552539,-437.46585850881684,-103.46040246419784
148.24263432367144,907.4048893491963,782.2294911589773
469.75875514913685,467.84910129007847,824.0196747999471
-658.6168429054148,-359.86916365178854,-224.45115252961375
0.24709177184009157,696.6620196597446,785.0593340160773
623.4334655314783,282.3316459979716,577.4789336142458
-980.5853456324921,-674.270478459599,-892.2698524637864
4.414671980493932,650.870041281792,732.4677065518796
-717.3763120159185,-116.89750634135385,-794.6660203880774
747.6102728867955,131.89365422976465,231.73401831044544
265.6305282864874,350.2126338672545,229.29177471899655
-497.45937858141644,-847.36555779224,-532.8801313512298
-284.1059656583951,-978.3347225507791,-785.2909449652275
202.75365372275516,478.9975730608163,827.784902205203
-250.96327358342705,-253.62711232035178,-929.8416125568191
941.0484422983783,939.2775624309339,759.0918355427672
820.9698158859916,648.0762895706683,625.424591381706
629.1893307415125,340.32376268364453,302.7781368269583
592.1947346023788,416.6290142436556,435.45218503635476
-717.1427841935235,-174.9925240036531,-242.65899771202248
522.7949216516115,241.90216392619175,238.97708734221064
-742.737642212988,-346.7451386809148,-617.4003016672686
985.1869751788814,359.54776908238955,633.4466596599202
-142.9922239172206,-992.1244675995601,-238.9947605771206
550.4734517918507,63.84304148516608,608.7704067855337
755.5883264345268,365.7938324730683,220.81736232940463
44.13185926855363,615.6981990682759,931.363990148806
878.1480799117509,502.62322966368356,316.5295289895187
-658.9955333857258,-694.4220014597245,-392.3425481764988
-658.8807830805258,-855.7317900780795,-139.6526336669814
622.5323739609588,418.3770102865544,220.84680918544606
-708.0676091926747,-449.38381966483723,-832.5289267272849
-738.016864789048,-730.6701676670428,-23.27921755665659
-938.2019464207463,-450.84717162675497,-597.8023685230705
-381.56890511662266,-640.4240565979566,-415.85649686491047
-275.8807530676347,-377.2711579767223,-82.40924352275738
713.6109749526097,766.761524870916,616.3111267040072
-357.01615730914057,-886.6017941000079,-355.4227379713949
431.48942493696535,233.00715047191466,107.45713102417541
638.1064332779281,205.68091016884432,471.0790929856201
637.6704055963824,915.256042441467,677.1975917763244
825.9616957129226,901.2516758376895,282.00087408864476
-827.2747976047576,-572.6791089892677,-406.15838111768153
615.425724541716,38.535428892504726,393.6278596745901
-200.13369643325143,-163.9426100671401,-318.75524658039456
-887.0038580583072,-410.0922324088964,-796.9497695612355
934.6704473835941,391.0988829718299,88.92154609050559
-983.3601632651881,-397.93243555456127,-808.5217181874435
883.228269479158,818.9127802759884,781.7299023744696
-281.8211274327964,-486.88727295306967,-124.48203231657646
304.8130097443673,969.7239220625057,179.73517980930131
0.6594988583762618,43.57803895975586,289.73467266089995
-646.2024986064739,-602.357043278641,-788.4587894078063
-645.1546896657767,-759.3615646628127,-174.3566444170117
837.1543184710772,603.3732935635566,926.1195689769614
-28.191563271155246,-794.1753300948487,-772.7463434327883
731.1892041952052,718.2630374492452,870.8364839092409
-685.9661057086796,-410.8069366480588,-187.09336672381278
-13.575801149519862,-216.00095517078637,-939.7328894844305
439.63867585901835,452.7059443504642,517.6473021081654
-579.7234354889164,-841.5670075541007,-713.3943711059441
211.38724229485211,631.7668526569065,686.1228859151872
-558.5239951782653,-671.1981040207376,-954.0501641768175
-909.03141801384,-48.10727399328903,-366.7175511044794
-572.3525063869959,-131.74081553345002,-591.5651650488123
-876.9169639167526,-60.25220760574018,-584.9094065104366
-584.6678306269937,-775.0062766244507,-646.323960670964
-756.6799434481704,-838.9387672536935,-66.88620937327164
-895.0483438121981,-608.6772928447438,-897.1361489362798
-275.0234270572637,-730.1943597448741,-166.60505170471913
-207.51510427864662,-651.2306735362041,-400.35346335185034
-850.2113054784015,-760.9597187674806,-417.193170136204
123.11960877031201,688.4200386717399,806.0922146388299
253.81568996514943,239.0965005991997,907.1817697610724
-806.5898264926259,-857.2263033462681,-545.7676706500658
915.706341707,380.27321581421006,636.7517094710412
-378.0916749384095,-870.3017072758637,-367.6114750710169
-588.7206668813077,-273.9273830061619,-431.41386456306134
-736.3353810367305,-508.81803491064153,-393.58696510298614
444.05932508796815,9.001193531281489,801.5307344365909
-10.73022724032387,-159.0785233735287,-919.9896511915118
-1.1242980432800778,-127.82727367232792,-446.85337177795395
-177.31225645309632,-55.89647944010699,-727.1515455539517
617.4485711694027,726.4461105431745,20.992440060877158
-334.05288350447427,-582.3030179186462,-876.7726924369437
350.71238951077765,916.1555462116762,703.7393391267876
-284.26208740481104,-301.34153135813233,-667.0997829720488
102.33204751575806,787.0833612709628,347.36735851581795
903.8893947509893,659.7141248584152,614.7677348791152
-168.36907949390672,-688.0877560653853,-648.8199166152604
-304.4416891655371,-207.27040945382498,-502.2871896691288
300.7280966378277,604.3939008651656,663.2696035450801
792.9561684529203,136.75145373335835,658.2554661151692
519.9197570442694,164.52452164496145,124.17578651699837
-393.4685586641732,-898.2464147513167,-550.8032024179607
357.8777117874811,71.26166487358401,246.97494969676072
-17.762773261291954,-913.3367285427745,-873.9354260538573
838.100734280669,329.4048937776579,356.78681399181346
-428.09778452663977,-179.99306242490673,-590.8450879919308
-994.0947320252075,-214.65819701586474,-206.7815173138531
476.0318946663283,700.4278954585626,772.4136504337155
728.1375015221984,315.12942528280183,126.67273124719419
711.3755513445263,557.6006002942297,565.5138414699385
537.7571668056263,557.2505662641184,124.38402922196383
243.4888118929352,479.66770401760994,895.7254047852045
864.4133728318457,269.5247444584097,568.5208354237449
900.4981795320703,960.775280346009,785.3633414170621
-512.6762996963939,-999.6052422730493,-186.6756143365169
-97.81623015650109,-365.20182439909956,-276.060069033436
790.3885899492043,507.05723056935756,126.38387226608822
-947.2209333824027,-958.747505326036,-46.108104137728446
778.622904142422,399.98955175895384,947.2557118378373
-527.8082347948515,-489.3216739203876,-461.5484027962319
880.7249418839125,230.71564041507472,324.41181517886935
-449.5935650696716,-629.8428657763938,-300.4526982637434
813.1267606223377,177.20976430760675,500.70246970769364
-4.449600316834335,-448.1710112551634,-382.95675843336915
-600.2502338928816,-953.455419240621,-879.9434156207728
826.8015845607636,868.9526748147425,859.6359381124629
-763.6503117604266,-868.2534066132058,-83.47187802772874
174.7666653432478,194.81611903754205,224.9636528055531
-33.108965468256656,-751.8162498175433,-211.07191045076502
920.5005214318522,275.9850684146807,325.52926144485076
-920.4330731987013,-95.16110190953225,-788.7650527342414
-688.2798157541579,-103.0890160387446,-565.8393965844598
730.9296729831196,907.8036157651113,813.8787471202075
-674.5663524611607,-937.4030398300931,-332.53340867596785
-120.85460404808839,-546.7585737184553,-338.2543656111784
-325.3988721887415,-577.7924476103374,-307.6969887561921
841.4941735053341,8.180364944261884,290.37305136695807
-921.7907408181914,-211.96927340204786,-486.55911321521114
-785.7860307374262,-681.6551802937612,-567.3488785580496
-794.2034593108715,-996.6835557020829,-700.8163666201865
497.0516742290737,872.7554564816701,251.47586963971642
358.2203405537517,202.8407352525284,986.4150937442362
-61.94144437482362,-48.55915124905073,-795.0798135340685
-609.4449788109338,-227.29688489246598,-419.37467168714204
-15.1928029521589,-704.9095647620934,-627.0676604535286
-950.7138908216746,-430.91522487173677,-457.66204651503904
-697.4270947154807,-494.73951837824853,-297.4189501224398
-146.72068812323118,-956.744447107998,-933.2559553659912
-685.8295780124249,-816.0212275826348,-501.7859611253023
-168.3165396720815,-343.01451112873144,-741.1524179173113
130.65975441453372,210.83162730486237,976.3860307174413
253.58423320694112,50.1039606597434,696.3952844648389
955.2098700339135,520.8487810001957,657.8602881490308
49.592070300914116,909.5821139169129,946.3202631121964
-539.816465844664,-280.78258294690556,-56.67728110037808
790.9407959440645,205.74126473400077,94.0826156611699
602.9672766493372,610.2890481605506,299.65105524377407
-928.8805843881578,-869.1117510393179,-777.0573728601188
-340.69357745917614,-498.4222300484508,-711.0668710396199
-676.177585394724,-260.23531058209676,-445.28481804335297
633.4619858958827,146.37349423087588,831.6141409389182
-317.3847361658088,-30.211151544141103,-711.738346952878
106.47585239849823,385.9415419329709,975.8885686091835
-643.9043038860264,-615.9882646434884,-136.52716293405308
-462.6152767931692,-864.0437385179827,-819.520227226302
-505.8870027421844,-953.9791855703639,-166.95100940357838
-930.7885103473852,-54.4569630180132,-122.05899700880889
-73.45163159055642,-898.9284329548051,-577.219322265287
499.63706572619384,431.9610651187948,448.8529147857119
-607.951825628355,-994.0824601512808,-903.9496893619794
259.05670534261134,165.21611253806944,417.71946296667596
-878.3363285105312,-498.32088646199145,-273.48337989454353
456.70562727977097,233.0325786479193,643.6743706848958
-427.4706604288451,-892.9650344593472,-800.1851806855947
-813.378169296683,-153.8902371269295,-332.1251420001105
-624.7492247905782,-586.9125736844275,-558.4586512153062
-527.002831377795,-297.8145080910799,-513.0894574314341
795.7854955368653,102.39755388907945,383.027608387279
-283.0798807125117,-222.272655152962,-942.470280164544
757.9183864904852,589.960148664939,874.8272147612043
976.071269495028,680.4199254664918,834.0784780325878
417.93698904971933,695.8890718763553,643.2737492808101
-132.9511894094993,-243.88090552952508,-62.57420004236235
855.5892621230657,752.308145604201,655.3800319284696
-454.33610371203815,-767.4308153809156,-265.9084479073705
-171.23673292265994,-68.60427471977164,-484.7500021703013
785.4361410859784,728.5939854991797,371.74269632556
326.8049122198836,139.90486716409222,108.49897764450904
365.4012342673113,928.3011304144081,312.47949063065107
-857.9950869041654,-925.4028370165294,-867.5288657618194
-801.4997851907011,-932.5295366233726,-368.12214639788476
205.91341315455892,105.53704279086254,836.9350899784865
-345.18528033982295,-816.7608015052211,-574.6022600517186
4.492066329446276,831.729540810616,251.69350865024737
-580.911232367812,-864.5032787357217,-576.6400911079174
-134.2169356187021,-387.5083290348608,-905.700617347829
264.6499789253068,884.4881440880142,300.26057003700964
877.2632660917975,921.9065170745891,994.3434043275864
605.1981267620189,890.269710494486,143.87259928589222
-814.6460790481917,-904.3408067913051,-309.71890295435605
473.1257100836873,728.303611583954,746.9857670340809
65.81906062006742,872.8678250688505,963.7019641198793
-767.259903883749,-802.7701590812028,-771.2129462098528
-927.7442077694573,-132.90514073198085,-609.4655398758803
-976.6407746402309,-170.6991429076994,-862.5961804037283
-344.1267295230941,-775.3050920893436,-259.6712170635019
825.5367270056028,607.1220129079693,385.3968058082078
398.4736787861436,113.70080301481465,52.98595220247907
646.8865689467765,917.1002717427842,739.5481465086866
-136.88478059955366,-300.4713248420429,-847.4122571534623
-850.4192884278981,-603.8662386031211,-80.23710167861157
-614.669950327976,-492.46380253380454,-59.24925173896702
202.45567733745088,146.3399062328942,708.1043298589252
533.0963240120328,808.0590883928538,360.7863211618616
-205.00636434117996,-119.63802834657781,-396.1133169010924
-197.32190221756844,-481.807637868248,-683.2814169785697
474.0080484658774,764.7057472745805,607.1588013236413
-587.6125184941727,-404.5984293924272,-519.1620056531199
-728.2569261606,-256.69316989164383,-987.7708883488361
922.0164493516963,470.2167538572637,753.8306723346676
71.22687796447042,972.5945055819136,987.4855552282027
-154.78885212225134,-235.21192153443735,-337.3409267912193
-572.279184393038,-761.7364056074225,-141.23874174825858
851.5893598518534,899.9799174377623,884.6355599777066
-648.1381737191319,-634.858116661537,-918.455053602323
-687.1356513688218,-446.7514069137068,-579.3364231497151
789.7779810600563,815.1175827750515,816.1423951151689
480.4343522246194,117.86222096494127,987.7288784543689
776.2499698289539,434.8468959978378,931.354326815103
-198.6455665005916,-782.5538132181817,-30.312197602581023
-593.5962577041095,-302.67838531667144,-558.027893213446
149.74608127557707,248.34300080699177,599.9179573107749
716.3845738207456,574.5366840181836,22.208242871352226
612.2493578578659,548.3573484018035,641.3129337750569
-574.6647306003749,-903.7073310568328,-168.58561343187137
936.5862418364945,465.2251650245439,860.3621813915066
536.7171630984503,172.9968465034235,676.5896078108289
931.500637101104,300.27155423010737,385.77423600294344
-559.8680652887342,-358.83305888182315,4.584272935645345
-660.4203056092765,-210.06419708303667,-423.56513897113905
-562.3978511499982,-44.46900858788172,-634.1555007857653
-866.1831786830112,-399.982164751156,-83.36402870548682
-336.04447065037846,-43.90650501775451,-22.92337485168605
-106.59716811680153,-357.8915249552366,-918.2372222567133
562.286313580924,87.81150922873134,973.1568027202973
-353.1075076976215,-773.232778080647,-823.6044566782675
-138.551514057468,-180.5869965242224,-228.81535294384776
-180.87760993874213,-552.0895802766063,-957.409315113751
974.6196994593264,919.2947534819275,123.3550168130006
-599.6602531133069,-440.7104800912243,-393.58635377262215
-580.2337968302322,-597.5848417854553,4.889346336564245
537.0361902814676,137.19086617980437,307.16226296581635
-50.12221954489917,-985.2173420707779,-781.5974872641904
-895.5886675797557,-929.9630098176372,-595.1489034838287
179.50032538332758,483.15739355426587,489.0910344306067
901.7874701748996,406.2498693608369,91.47768550174062
-358.16556660558615,-579.1121338465625,-982.8629623408289
-271.8813754190094,-367.78389124886235,-4.194962753742402
-434.5642409469175,-318.9912264105326,-87.45176201773768
-355.6277690697185,-438.23213684227187,-698.7027454323113
-667.9280243761141,-542.6710880660269,-523.0462002379905
25.50695314933002,286.7438700224564,907.313908451098
-175.2670835582892,-195.20082943561772,-68.5731034055791
-436.86292120759504,-453.33324398954676,-257.7956459959238
913.6041087721356,920.033925869237,262.4750298649528
-372.98210807439614,-143.41312033657425,-9.106933272244305
-333.25002959037454,-946.9880042563877,-942.4132195319589
-373.65273319250434,-501.13647151292014,-232.36125345212724
-31.61163700217321,-849.6924415560202,-314.82020739023073
233.04187387462702,524.0015008886013,403.08876336532006
-113.67892017832605,-703.8335754558259,-894.5587249191063
492.5021362991126,873.4964664004258,368.36046073407863
-3.7483031777411497,-840.7646655422814,-540.4917192153996
460.18877423763564,78.49428016748216,694.9327838725181
-658.3943809653235,-209.8776120300247,-288.13536193232494
-252.79095365129763,-96.13603834953744,-565.8994756397592
-914.7915204309523,-698.2186226578452,-552.1845998269114
521.4570262734196,821.7304794312296,84.0838303903979
566.3859480712491,862.721861089041,690.5581403398888
-283.48075519914335,-680.6091481984565,-63.23311124387021
603.7227948212711,818.2440587178752,839.8830562833535
-886.0555082856116,-926.287319299589,-674.4069834610457
-992.0487082715301,-494.24925594747293,-596.072862330848
-722.5755657567707,-5.893594099866732,-947.7667601647757
-440.9063586359548,-656.566025619046,-196.94406655717762
614.5286630652633,399.8324443558733,314.64983800772626
-74.50828235331244,-981.0105984207835,-181.01374201745898
-705.5474801891453,-794.0571070981869,-793.3693531670467
-725.3692545194481,-673.7938444015269,-492.2951155256742
-713.1552461870842,-523.8328337247989,-253.33330449725213
437.9639381191916,358.6159270482398,320.4921964471228
-288.44682661127615,-492.5293091884254,-272.4676590228223
404.8673108523769,872.3920528239655,410.4006495954321
604.9360397872788,435.7536630941455,888.0700625941223
-323.97727837511286,-56.15640826871004,-974.1905592080499
-184.89700168857587,-480.5872742725769,-751.0362957403277
312.44910000623884,889.4286788075848,124.42005366489605
29.672989942215672,703.9440214975973,39.247845727009874
615.5804535211826,251.9333461393639,323.963767194447
-472.29540724862534,-813.3167923212229,-249.39383326100847
-558.4115840650604,-869.2624889952878,-953.4673500285991
553.2029354792488,135.948604838827,342.1811030946889
969.823763127916,659.1421463283908,912.1697757639815
438.5367700371559,851.4673128175558,377.4985772153772
311.04432293817473,753.6523342961445,954.578381371324
-126.5494573222096,-991.808577100146,-32.169462807710715
-290.9876538391327,-96.20196367187816,-889.783449454165
-276.17779420793204,-460.4603034302428,-531.6702220266111
424.41716994623215,637.5032385990696,142.23725306466906
-101.8538725115967,-341.29410353075014,-213.6666925220594
-919.2981869170006,-234.20419150360635,-940.7595381635545
35.65708033817428,237.15379926547251,350.36543137583163
-716.6726174426874,-80.47029270089217,-766.3201510663805
-102.1861808815213,-441.8451562982808,-848.7575318213526
-778.8796724750525,-274.75640368138875,-626.8427870750293
718.4354489779445,558.2935940526837,589.9195067299454
382.58098155506076,686.7557298387097,668.2506675561995
-525.1816180901576,-629.2861915573278,-920.3841110309555
-154.53247874320516,-647.9175824665722,-960.942662140341
-728.6605894065063,-824.5956746297761,-252.8843637786257
957.5982932816884,347.0235200598851,947.8322458673739
-669.5005252336354,-496.68515090749077,-50.11639678990548
-140.96435309624303,-824.4966553675201,-556.9876097699394
525.0254207555633,273.5308833973219,834.8774110393254
-795.4216141819147,-605.3982024884767,-91.23770562263928
-805.99746505594,-217.9832417476025,-319.81994785415145
-181.95495981980753,-884.6844677620112,-354.1878272278128
199.88465158090273,458.469417034449,742.0266942252279
186.78743755920692,86.35905041025444,68.95631177854114
96.02583506916129,51.148343985160245,19.568694402103667
-443.71645598907867,-851.647106224073,-856.7719295421766
-214.3867054728662,-671.6588053503814,-224.8263258382483
673.276896037999,134.76539722575913,831.6566316739724
67.79019789190049,671.8792026132834,238.11320202216027
20.398519443868818,327.707559003415,468.56208229204844
277.5924322632956,362.09339628558513,352.3792735769827
-31.93336492146136,-526.950945853215,-188.98451372112766
-36.67544408268259,-105.792259490265,-275.8321146523184
586.0033021044452,181.4635645859147,338.58396341929193
867.0294566985127,89.53174291673153,158.86568586343728
455.18445203620155,954.5579615127442,628.2426478194428
-979.2486144406612,-6.363792095060376,-934.2061290710457
-498.97597065447985,-970.335936635505,-116.51610044824861
259.2490769156011,705.6358305549521,220.06837404185723
-568.8539865145796,-741.714843643119,-589.7739212995731
896.2462889072657,220.02445096318192,971.1332882533076
5.588910315304805,571.6517808953519,994.7690731360925
201.96840302432662,848.0173266255698,821.5362566642574
-78.41649873901554,-480.2333200438502,-820.2025997305412
-447.5725876284041,-571.9874196489341,-834.7325086407749
-593.7122324061498,-674.9841099833958,-546.8388913502167
14.132217528870537,160.94087229807516,333.72828898503855
672.8896929282741,105.53246261245152,623.6898951619725
-764.7984770259434,-661.9125136053143,-950.6506736617667
510.190081983896,628.655362310223,461.73823084406826
329.02003056741427,650.1778462148853,246.30119418856563
488.3212944457958,126.30040743069196,308.38360213358834
-644.2464289939475,-750.5673762495873,-900.9424871717545
843.9567807915005,993.5852702778975,873.6706456009953
225.16272130123963,597.4985858487757,629.5977921235767
-145.3591576357171,-552.8112134910272,-667.9863161407519
-120.04141329175991,-987.1021492399624,-566.6957444133286
214.78438381310372,75.08561077088376,566.9987602840175
-224.14429185070082,-926.0298106444831,-318.0788761675219
411.8015176812545,615.8174283452943,987.8744166978007
139.91182345890337,368.9546695753419,398.3703835833423
-214.22270682921476,-337.65071496833104,-917.3901756523074
-116.82799727817496,-814.2012825027645,-62.922538629942096
960.0325669729,444.9169443032929,821.6864864844448
914.3857273170252,93.206079770119,47.090605345648456
439.54086638451764,561.9765785889019,908.6948938581321
1.4139672388991258,732.4424920582098,781.4977826585001
486.9302920653642,798.8043461465508,898.5473918808768
-789.3387081046405,-488.1063110174841,-902.9928676284035
-559.478890992501,-514.0317992393816,-395.37711769372925
959.1931259916485,390.867362258576,583.9094172335444
-111.91767887898686,-552.1957688325401,-729.2842123597216
-300.46608538648115,-568.6589875925993,-532.1036859365056
-33.61036253644147,-717.1879072677465,-579.4837509836491
-549.0628951651768,-780.1375366083961,-299.1962662812423
668.0376728668487,257.98120020025453,137.2521099179741
166.95569538077177,151.64599825274993,437.5022868880056
-953.2157618934009,-207.40563225170456,-501.2203714978848
592.5696308154633,779.1134586502242,324.0164113254236
-246.77092788105688,-726.4785042433543,-997.1107074335159
428.79558519734525,59.101292128500454,504.5886716354851
-579.4250518121864,-891.383811928504,-249.61370748318643
-227.1975248132312,-781.6538869365188,-341.44720001881046
292.1113577334311,953.2475822416791,638.7403013130898
926.6770166406094,420.7198215871787,399.7624273530406
-729.5388929038986,-721.6519140183614,-600.8034995584061
-290.3297844471339,-305.72633783580693,-138.6144082231375
195.86068090922922,542.9350015862315,777.1476862120052
141.57966198791243,463.75157345342166,636.7740516648885
-905.7355692345195,-971.638661978949,-161.93739269159778
356.2963916795392,30.347365575086393,96.87323159219314
956.5776389072531,275.31985080098065,857.9075952716942
-920.1958644443718,-945.586693119803,-758.0081130704548
827.162907804329,915.0964705723666,217.79052015238403
682.4660009430256,993.1900024091292,570.56435474224
-70.04305943405757,-859.7312804936042,-396.2522064936892
-869.9388135449948,-734.1414181223828,-769.5809099117982
839.0141399196367,110.1066870667677,886.7512296974984
-618.6061303398285,-197.7670554996247,-750.8459464434236
696.3397346772482,96.64468336406074,446.87419562293235
-94.94101368873407,-909.65632784584,-15.82239978630912
-102.83251539633,-877.3346549871526,-169.37176552780386
1.8239455659080912,460.28677048178633,788.7820840609451
-557.0309950760382,-613.2658500680452,-114.56846778150236
49.352515016574564,568.6271205391371,303.7646946613561
358.9454426269872,502.7607924489983,407.6495904771403
859.685049446639,539.191823435157,974.4473532722175
662.4387672156125,39.30921051758038,776.5717363994327
740.4986464585054,993.1194146265201,445.4072992121143
-972.416147627777,-632.4368741055885,-51.079593828034945
-621.767256733697,-577.0654701820625,-825.0907422655164
451.03561325764355,350.94758731462497,685.2514825010279
-981.0796820218652,-15.811890261854728,-880.5185737934157
-375.89202112631756,-616.6361977773977,-646.2363478049891
-985.8133864783507,-34.01588986687068,-149.3879392006064
-594.5091967684405,-98.97448100198937,-525.7762157315163
-100.93745290653544,-994.8639384938717,-681.4326156437412
-3.174288668392341,170.3556897574289,943.8855330422714
234.7357139596819,344.5556423942829,673.1163278175674
-444.4367231337163,-932.8924767830199,-657.9914498217615
-86.56429003253936,-876.3929805849699,-737.4642069014361
-263.0360220721765,-902.3305201134345,-925.8518795728305
464.65344886884225,908.7307523786569,600.0598874968523
940.0074431081268,191.6061602423803,397.07431862641823
-576.4360629268938,-160.5051942670549,-411.38816934383897
-395.33803849236733,-797.2158059834608,-684.1261615141423
-648.6344009392941,-297.81979229443004,-829.9516214681919
-760.0064541542362,-75.47414108030841,-943.5371222808594
982.2627763972728,121.67224343900659,200.04046294738134
-645.884488674995,-915.635749751527,-400.7224365767279
-28.032141586948455,-457.8566169378862,-592.0264306571894
-622.701315741557,-389.1781167552101,-757.8649934696315
-861.4341503697552,-324.07747489982194,-509.18271140158487
-782.4978104325119,-827.1988606267743,-216.77771913483423
-230.5408826333147,-422.88360766167807,-851.082123307897
642.4050052982469,590.803935826218,231.05625660102353
461.3147871055202,21.476426978677722,416.21496904071563
-2.5286763553172893,322.51209301022203,356.1814592074276
716.892434022699,487.9794938065197,27.161018660164622
387.5939881840426,133.5765904426413,245.77030997002367
-977.5247787211007,-319.66983790422796,-837.2971863146319
-211.3074160324794,-268.22244390532023,-605.3832371503667
-617.9907624656246,-941.4658376350527,-327.33003347018575
455.55942689874513,100.8065965209853,345.0569457573578
-181.9551639073203,-801.3784763215388,-567.7488520135537
-255.4134949974158,-207.0946374429924,-535.3217362446778
933.4933444796264,725.0720397796875,856.766443591559
-719.3713296972901,-344.86226538373046,-57.55003388357966
-339.24890927622596,-750.3327579278309,-217.867476682551
-155.4213056649287,-208.15677391029794,-903.9749253079856
34.761485790079426,495.63299733290864,309.3128529617683
-345.2017161061259,-940.1718825455944,-700.9336834237572
-669.8437984299405,-879.5925086862056,-769.4412722730824
908.8111174042523,547.4752888679599,96.34965550280917
-646.082481758224,-837.517430991035,-190.1249086344236
-101.35883144073182,-216.1648023029078,-286.6812850996098
-447.31494655380175,-702.1466694213552,-675.7539898394373
111.08711766223959,87.60934713662105,177.4265656697535
792.4936873681426,216.80967135653535,891.8259859851386
-864.2449322175985,-771.8624250052605,-368.5299434600536
-403.0868462497426,-552.7172580692073,-220.86697075121367
82.34971935191979,67.63897301480004,648.6839247241835
14.555900889653618,60.77012678396296,367.7123732082947
865.2222105766655,375.72202764410173,240.8741451254053
-987.8135230693057,-564.5240525784801,4.5519656851078025
785.0336316629495,766.0692984230542,620.0286352477974
206.18827738165183,652.6083979851668,592.1534846666099
213.21785007885885,300.8189748486878,376.0295949375559
938.8411382746258,339.5013784788256,944.4017562766443
-721.1389566359267,-826.5966282552179,-157.74433941280165
421.2538420568305,719.2429543741565,484.2012306036754
972.3541638710329,863.1568885303585,718.9462879377406
471.1340724627607,591.5213810953212,828.0892195075617
-31.898262317037734,-425.37064859106454,-276.8019486271463
-548.7975125759862,-363.4883730732719,-275.44540122846036
-948.3635265271504,-451.6783557806375,-915.3114331758733
193.54342377211665,399.0607656161424,222.0153536920276
-616.5070470128201,-500.3779886796658,-701.1843064272056
923.4777412606917,84.70482687284442,439.071317027304
-187.10717896049437,-205.9053416221501,-762.547282193379
-657.7404440169516,-748.251406732078,-12.458198662041923
877.1863640570141,284.19107762592887,913.3802375982873
520.3894904305431,342.39728288855645,902.2249558870865
-79.27822841828174,-514.3568468457886,-436.33182192068375
818.7251231978142,489.1711346653154,222.2708002515237
-945.6438677050627,-758.4701015635752,-99.83645030126809
583.3842964245164,82.08440155263665,612.8310056452244
-806.3329179370578,-73.15165826805162,-820.8132750765492
684.569663744358,428.1471082825965,357.37714153797526
238.4299625540297,825.9842374901297,831.63958033821
979.6712262960627,607.5598770165986,558.5061930310977
-243.0440421445386,-352.2884315585102,-93.95353713287284
771.2002624797124,651.6733928682324,374.8164584365746
541.6370865111163,954.8481119887772,883.9591127358871
328.3511749022161,555.3872191787276,536.2695149997361
-668.8651333105117,-260.3060982302277,-823.3605394884524
530.3070027936832,895.9585405936191,371.31829899427356
726.4735354629804,183.36391919193605,485.37084606799385
-550.0991335299848,-699.7103076065739,-738.4626824102525
63.67351455881001,306.4127631769594,323.93103216981325
380.0386466128748,372.88486422891515,912.4873111964582
441.38285142622567,394.85311826354655,274.15219728547953
-187.656853225511,-537.9785268238825,-246.13942742380175
924.0884553895161,712.8330294196379,32.774946872786494
858.0496982486857,747.4255868015118,418.3220698519017
956.3382057112639,358.34213291810033,431.39915658127114
183.31285542595208,282.5221000336873,97.44909896373343
-253.3343794461523,-470.0170671542543,-827.4914543548905
943.3880404755705,198.8999955781218,646.5541293060376
138.7088269586894,396.54320126820903,461.8999443721787
307.91531327750744,811.8852377918996,584.7957101757656
-197.654148296504,-377.55190799906836,-537.0533331650756
-381.449265383769,-900.444331137987,-207.33440721994998
-740.6085602533822,-199.7734719367512,-385.0512407458149
-757.704685964237,-634.7697461483044,-949.8815909387426
559.428571098046,869.5215882019236,505.6343866450083
-906.8094305227165,-203.78642516341722,-654.6449064630312
398.3411369539127,217.49248114892603,134.38909100498535
859.2809426482888,371.8872972230415,58.876155594686736
-816.0961683572148,-780.7397458615782,-432.3490933393058
236.36212634981288,329.010343452437,175.6031992040637
254.29187705413256,508.5181084164334,184.84369122888668
302.2139672190234,591.2511543172309,703.2559082487654
32.602548376440545,102.15614803177186,904.4209781978469
-131.18151832667365,-427.89496446965086,-491.84697331522614
-287.3116558907976,-619.9760257339684,-542.2778519011647
384.84483232671784,516.0918192067809,506.27362207912194
-996.4831948783068,-898.3470875001296,-95.11542179837772
646.4803734122438,712.9353117804488,455.51232857525406
59.43963824812417,400.34285169495456,248.90505749774377
-385.21652185111964,-793.0156279671633,-371.4721341542329
-511.20322123917794,-107.87396225670739,-153.04438336771807
300.8022031261479,856.5816793469752,460.7449648982596
-396.61070708161026,-126.15797189460056,-244.21475794827268
472.98515500805115,561.7391225981827,601.0918673405157
170.84638212490233,556.4460858767949,834.7741237091433
403.3189049016046,362.29179392020035,722.778976772238
892.0707879642449,53.395418491153514,366.9839172359092
619.6901578964913,191.77076366333944,369.86532535191355
-512.5880395875042,-30.55279952244564,-268.7030827890143
51.45885165519878,143.6430984817651,987.5933198695185
-880.783479676393,-294.68046566675685,-568.7827565801833
317.30629073305386,142.7651966288514,137.44316186407508
-954.3874883088479,-23.467910064954708,-175.17998284208363
511.84734601606385,358.3183684771923,990.7380403795718
998.0553546516768,299.4353110367871,115.2638785768508
-534.7921901884854,-873.451242634238,-647.2404911568337
583.3682143082523,799.4252865276834,241.16325756314012
942.3991209831071,203.75861119433748,958.9392486346951
-794.3240620894079,-993.8096650043253,-38.23462450299621
-639.7842586335064,-702.9071214426028,-116.75906693272509
-67.07435695033269,-347.945167087385,-880.9812999796443
-819.3807030723766,-398.9756977777125,-297.319508136272
34.30972213495828,371.1932614729301,225.0371748140329
606.0512464750518,38.025363951629195,87.09974259178077
-223.51887186610588,-467.3370199343217,-89.40780656826621
638.8510075857109,462.4025566055043,499.48021241872516
-937.876733975961,-434.7593707215706,-617.730067528771
-846.2940756324068,-865.2192023921425,-377.0614156238737
-616.8916224806762,-163.70046157032698,-378.42979815421086
-523.1439608857514,-355.5902635099644,-882.9081723054309
169.7538925637978,646.7743198764854,691.9910882206333
912.6481691661797,799.6743612232992,404.9623395851723
-262.7435786090888,-198.7836118376382,1.2476203819139755
756.9419306189073,703.2037708706374,453.3595560331801
-526.8807564678868,-868.1911063697952,-811.9271008322951
361.7483398138185,349.83513308027767,570.8077409814609
-409.4414167634791,-191.0784788365795,-143.18740098615922
115.2182235774583,712.3314354823914,617.9808304741844
-333.0596040520621,-138.37564819845272,-435.2341678959284
570.778685685167,301.62072847126643,864.3640728475248
565.1828753503072,682.454541791452,876.7178814019371
-409.1996715100008,-604.3422210661224,-118.52559301041242
-388.3871239693299,-875.6703077267388,-848.5298902856972
-918.829552289545,-723.9132700451271,-647.6194188833878
-390.54682377832887,-352.0072251622056,-149.55003349041465
-116.29972835022545,-458.6281870772724,-908.3637886734073
-49.54523155899017,-15.159085826117689,-159.30939796339487
10.934908021401018,848.538695595386,146.93586542029254
294.1111406105521,205.49800585201123,855.2145078215948
-701.9638481114973,-127.12279930364616,-398.8043261136819
-717.129899596129,-427.0790861067767,-13.847138453078173
526.0276962542019,948.0244692389986,802.765032274225
-108.39412385205196,-765.9848038365309,-120.56297024703565
-128.92926779515062,-333.38611806180154,-109.77014093196385
705.7924769628481,591.4720907828016,711.0357894372579
-193.94134011200458,-951.658332341216,-71.2375517704952
262.8871725940856,971.9197493939528,584.2053854948383
47.4208804707682,597.3819633438701,708.5621849729571
-205.4289127082991,-318.92370033167003,-522.2379640931699
-324.94485903602845,-798.3270451253951,-857.092138293445
388.66941544219236,853.8984501023764,176.83613847660803
-945.3549513332372,-409.3423424824165,-610.4405156734639
485.68488602016004,209.53186737609838,593.7357449423982
-518.1596634393477,-35.53964050943341,-103.08897487586637
-211.75590556926704,-553.8673384975056,-189.14045175007243
-476.4596171898089,-422.5246688987593,-425.04435738599284
-208.90783800872703,-733.4513610258541,-588.4685444105305
477.49913354036244,228.84492192588104,441.0001080540413
634.0803089477017,194.67439749937165,143.9742587909684
451.1513010491062,27.587909345040885,993.9802794483842
313.3659097428269,393.1211087508724,400.2027514220047
-508.4992836644371,-166.47113042349122,-437.5567084991874
920.8565956602739,531.140189441148,446.1239878923974
-668.8789549607372,-947.6301857171226,-198.954081288677
449.4199816371765,622.5609012078221,863.3106694213351
-228.5177145207732,-582.5888099673477,-833.5966544944229
374.65997696356095,354.27620901963223,858.6542365403853
-645.3353653990052,-593.0156975095424,-872.0152852185186
-139.34833931966307,-692.9884605697546,-925.1918879334889
113.67774025828177,17.07927618841482,113.82923488264414
-588.2158818273242,-909.3941278089353,-919.44937131637
-672.4203488679826,-838.3205075003945,-826.8916249681633
352.77862361924895,687.911531381974,918.9976798006833
-278.6350209714566,-195.3224086049106,-574.6565110643394
770.4773389724583,442.80123062458944,339.03330734078827
-53.1071951308885,-666.6898647597318,-979.2015881367234
614.8809510505315,687.867299711271,225.66681432831706
154.74036725206966,355.8873349021799,883.483804923404
879.0174094399385,488.71439940495884,69.97424249977945
-9.598360783322164,-71.50768213006893,-27.64950660687896
575.6128242358459,369.7453914383906,829.8392724878022
-58.77938536962495,-445.7534832491996,-471.78152101858143
-948.9590055207966,-324.24191937735077,-872.4742320199001
-44.11035170717139,-587.6400655558957,-969.3554386932647
-968.1514652416536,-210.07229055013772,-132.15254100972948
-160.80812910804207,-589.5864411178104,-726.5250320486241
-797.1316056550558,-261.4665016045483,-435.8974381789976
468.98192256137816,221.07662736336667,367.8419235647251
263.0703752256555,82.26569097165428,42.99961988068098
-388.27679290994524,-941.2822017091121,-737.6005323634424
434.51901757245577,853.4315675565939,505.758889431229
-543.8798960346351,-864.8421431253684,-727.1908117872019
-47.55442790712368,-43.209822717366364,-903.5838510711147
-765.0148745249318,-410.00524092167745,-453.76136381092783
394.0919871570233,18.405398016100975,216.45143634147365
-811.8143273014188,-130.25246972788,-671.6401296906158
649.7773487170255,312.0952317879147,66.90681330803118
469.43541180832653,168.74695534987646,793.9951790349311
-643.1906086076635,-531.2270637323998,-28.736576889868843
25.52175056010023,972.9530486759619,845.2934027397997
985.7759332599101,368.69635390436196,302.94261913106476
-578.4893662630712,-591.9020039066477,-865.7236053650339
174.26738448145912,904.444810239237,539.3491927682035
223.6437294232521,645.55646296718,931.297700868472
-492.1227233376032,-694.875900791515,-65.95024551285451
205.42289254157959,761.3471617522665,157.0106195969494
-497.89422121718394,-996.2124479157906,-343.63599065270887
188.24967215534866,747.1949365812542,659.072416480341
-249.91834480402042,-928.9630936112559,-220.38754484369076
-951.6095638161693,-179.2819577061963,-407.34989355562584
-169.69436359599536,-994.8192799223216,-277.4087508734
998.1608708579997,942.2526967860641,485.9107716181747
-964.3641488917754,-770.5021288156082,-240.03593015253193
330.7445515161739,439.679053354279,587.8305770689215
-0.7930659613513171,289.59441784911866,946.1281225576018
552.2467413514938,196.87405407524776,382.49775762841625
965.6466715161135,926.4093158622601,671.3485445705687
628.0555136047288,85.40302762970086,158.12588256468752
-290.255466196563,-387.70410525511534,-311.0203518122984
676.9272346504116,282.4220952046904,78.51743019925979
266.98352203112955,962.7595230835966,783.6056867928501
398.92859564212995,583.9171646904962,857.0644157136263
-96.67100630786865,-815.6099312933046,-591.6827869289771
623.4854965259804,412.78233142003614,432.5654016661152
-263.9170149047193,-928.1613704543829,-613.0683715280627
-967.298212746373,-12.584840861411408,-564.4898124082541
-65.50784120775972,-466.97795203251894,-743.4084881770572
161.4190034786795,889.0583462825643,860.4890296286935
664.9621117671055,238.16164234738957,287.1061324589651
-609.5410705818933,-301.3434014855893,-958.4573074552517
233.04883688119213,748.0836594880062,53.60842090607589
-496.69285067237587,-242.10041807571702,-838.1449696415559
414.1727792660516,886.4575007090936,983.2222920362556
-704.0176886353254,-635.8758352028175,-321.89958352850954
-416.29225107400646,-372.217717432933,-15.360775924401764
-553.7863579576604,-67.15542589877634,-955.5601443157572
10.408472991143116,898.1042142637385,45.200041323188564
70.42482356251426,738.5982895600393,611.5607835062675
-778.1601658725701,-276.708842414282,-630.5449807231096
927.6433800428126,277.48921647525134,757.6136303029816
-94.85587404722332,-5.301346189856531,-447.72473045628544
418.0330364704004,132.616670157401,974.3260689532482
700.8519149458491,416.2302488383748,610.0206793819683
47.54816764771794,649.1173204761834,799.520102471201
293.1987758367655,54.07874300540074,257.73816226571444
679.6294919576657,945.8866756790673,979.8946549915628
-409.860598767974,-982.1767357416371,-542.4383084684923
423.97005389465534,390.185653741665,406.7708382446338
273.57061439827055,893.2679831956898,757.0876001546765
-371.52497447582994,-176.2895380884878,-231.91867139544115
-448.5073731243315,-391.9403033759098,-789.7580290316545
-842.001693498197,-895.7225615175089,-232.30128356328441
106.96900019182945,491.3453516129915,280.6702117527839
-252.10247153223156,-93.79160295325039,-682.37705179354
268.13500010148437,840.5641286034493,81.81125531812881
832.684101822014,423.4053862498816,428.8421836054035
-428.8768881933977,-545.4683602018492,-178.4606294632256
-316.92814046017315,-482.5018993010933,-959.8279178331512
363.2957695152282,637.2058304881022,237.81378684633282
207.1153991432409,22.950725459281674,129.6491380650161
254.7669157779227,935.8536533242934,366.80033034854677
90.520892253031,698.477085694989,552.8853508172972
-364.98390036390015,-871.2887451556448,-180.28799419332847
-538.6027648884054,-880.0802705669846,-485.0111903249691
-47.72790772699341,-837.9028053998203,-36.2024395839926
-840.0590040333068,-269.91615316922446,-590.159204862083
-360.32166053420997,-97.03295074584457,-682.708188075836
735.1547232947212,209.14618102271163,842.0998119020574
473.649244886303,259.99431148751876,633.2482051769106
-400.4202374822478,-538.582495722294,-509.0451787018495
-147.23607304538052,-82.3619849217846,-43.57634769490426
-101.38386060655534,-74.04428655427182,-116.04161506854052
-638.3919524895814,-24.155522616846724,-837.0910297130148
401.3881641790385,409.0291701937105,885.6711333123342
-451.3707746007773,-641.4016364090103,-67.4218008638818
297.43116182006173,523.4121755899106,726.8937943306744
286.8794690948876,360.4684051053559,636.7974197196294
85.74718249752448,329.9219827642578,995.8978125097176
-286.3364155729133,-49.77903304052086,-879.1073300890672
-675.0091221079074,-698.6945994833087,-361.7573998430647
-860.2988291344391,-67.68673876908349,-875.5230233337493
194.18227606361208,516.4506045567572,555.3422324121449
-260.1842237399511,-928.9339582946685,-743.6910278222792
83.3458321019709,519.1129247864861,952.4093631386816
-956.6419429377265,-993.3594885688009,-720.9765992898559
767.4739610176564,797.1945540081372,860.1989049637483
-351.51541798172855,-731.9583000953095,-6.930022368041705
-641.2309669639465,-690.6078369909312,-509.1737368221553
103.73248318666582,565.2370131668554,249.93962256978165
954.8153484301058,627.8279022334967,541.0455778604635
34.40194633456713,524.3045992328574,447.56830087910663
982.0602470043596,496.221211781421,958.1038444082398
-573.4423711333973,-485.5369961002757,-589.2367986299978
699.2736288785361,738.7900588096117,213.11646124276498
713.9552910457656,810.1176518312686,441.23090743173265
298.5207388760954,410.00375750461683,524.3349657586962
156.41045906104551,704.8891153798731,506.8906004766772
-64.80449533690296,-932.7658735140659,-20.285188903138987
842.146298965363,227.9997485532204,350.7299833598342
-730.9041946137409,-255.3968813925227,-253.72797661229993
-116.61588918108771,-694.7324623699953,-47.102448229787
56.17755360286065,600.8361997929856,47.48047605439831
503.26886965235417,739.174077632876,105.65924102653315
684.1878335255267,273.34494773231665,722.4224872537699
-945.6465522562289,-619.8062070296612,-839.4114939429481
949.7860020732948,767.6327292456655,267.0695151620444
183.35026478345344,883.6924450317223,209.16965254330034
-308.5056711268129,-704.8180992472091,-797.859678637227
-902.9093670569474,-593.014320742687,-77.13570840661555
-100.46343140404474,-333.3047084313788,-184.35002316900363
-205.88572754675317,-24.243875592527957,-909.5382988676552
-473.6041333947526,-977.3664807277776,-600.6215548395511
181.01928035198398,916.4475326753213,919.1059011517522
456.65182554062744,667.6362311647357,873.6036267652237
-918.9238011420065,-497.2515295964561,-34.549371640733966
-151.96728423574928,-129.9655612074397,-663.9910539791427
172.2438299092723,744.2221971885464,114.27078855658355
-744.3423947594317,-79.32743000409835,-175.48606106279362
871.5809347229203,625.1516836971377,159.78291312030345
853.9299404474659,951.5336999860411,272.8562183140918
445.9054844846156,636.7337233040944,487.6350696789041
917.3722682043368,623.055358444161,205.32704235910364
417.69467013244525,256.10082724292243,384.4022357563631
-880.1731076092329,-81.5805736500215,-160.11523093751305
-538.9978786707936,-545.8816265251753,-907.9918525281322
49.35151089815532,332.8366821847289,26.754817254123335
-860.0478837770175,-770.775066683056,-945.2377778077662
995.5786876549093,818.2297113748335,94.56143381620117
452.7069569172231,96.25628615913371,739.4298070388446
538.2154649388596,323.07663637869814,39.44831899130918
877.3167356842868,220.3702240396368,742.3296692693366
330.5817324266486,110.70357128580139,856.9424616719003
-301.8942471430713,-360.3164230802016,-321.8708227118723
-829.6831680183086,-332.23268134353305,-518.7717179878887
235.6660533280579,80.02339912513932,928.6765809183175
801.6220666768912,278.46775824497803,323.8231188371908
546.7533358986226,41.38792694514807,254.40123270844018
-863.690671015305,-494.43158625029923,-590.1071935493933
427.8615956643932,281.6319087537648,448.5906474931525
274.83782932534103,181.57307866508336,648.5394713130224
640.8122801695027,323.00501693728296,916.1110314871503
828.3291728450486,594.8530902779819,663.6894152895652
648.0367132924539,457.077054231562,466.1258844358336
-997.6128311608063,-382.06618388085144,-338.7683280909471
-580.9761543386012,-792.7101460132917,-278.3849415314064
-607.2384411646423,-801.1408602728366,-590.1900935271346
-807.7431557636195,-373.3276401440504,-603.2124230085911
-297.19015336655013,-898.0629576774544,-66.77589272051023
24.602027228833002,72.64420793768382,488.8512099246934
708.2960576881145,65.51458302747749,793.1581150662123
-544.8043427682684,-863.1137380191284,-329.9259676074678
-827.8474654739094,-785.1926180944222,-264.8412319843443
982.3441053821543,36.01962700219899,542.8927453760726
-938.5941073713877,-329.17334805961514,-223.6212962333242
-284.1736341424032,-793.303778227716,-998.951063498846
-664.8174153041464,-482.7787417439296,-231.43227624757913
427.37503745379524,536.9417833343805,428.9219122089667
466.36429039411775,115.0737626659762,179.7983050198526
-76.88147625495549,-526.5580097332745,-248.25112935073219
151.5052077384427,237.6052503924179,712.3183349099451
-938.4617919031174,-73.43648498756625,-763.5144250604028
-763.3525871773788,-630.1340435996447,-672.7954845811068
340.5929150718081,449.5626126240232,219.90063148588794
-589.2954889237583,-769.8591127272887,-427.94533353789245
-314.7490861588989,-233.3863275035285,-434.517406158786
825.2079185168583,161.31632087439039,706.2950426330252
-508.4235839278348,-178.8890754177428,-501.46015865584985
-699.2756101252808,-304.4376360600462,-770.6562616898384
72.669371542749,117.82437256247385,156.5961785791794
-107.98244608282016,-232.0554583764482,-4.054511176116307
-445.8890695802685,-133.36817646199688,-884.4930711935682
247.92075202646018,572.1223885931034,402.887631020995
-122.39905221645438,-456.4377394199922,-44.64588963260985
727.5342772783016,177.35099275657825,966.3897552339895
370.2464549493184,682.511152663717,46.1306210526027
952.0749600903272,742.5382787675845,668.388757606011
893.8640903860471,750.8269443002229,416.84651831694373
285.94573906243807,232.21269557772632,883.8165790069258
909.9388778271511,123.98880362495582,676.2479431152013
2.495333349520382,872.1362300038625,586.8071338775605
-834.4912316426202,-531.4634411957582,-67.63491598753319
957.2641618956526,883.1204171079202,120.24018504599358
379.92548378414193,84.58801380943308,486.20909337684486
-971.1927639304026,-901.6078554965712,-279.63650575450094
289.72765917080443,630.0560712869355,559.7970730932283
-877.8503747978853,-948.5195188235177,-990.8981415903424
-270.45735708100426,-187.37400811710438,-466.3414706453234
-985.1744226130621,-425.16312495505167,-937.054114875682
326.82580306750214,390.55867904256144,333.0029010421428
487.8755252181482,130.36111225013465,925.36532460936
78.75487623544956,272.01451046258177,655.3217668832414
836.6926450729778,289.26399190775066,563.8674088054856
412.9768755883861,451.72032921934874,484.34044120017944
-857.6940204919987,-608.8046938674506,-187.7333809363646
532.4479761972162,563.4035863704795,996.4098667584469
-53.385379226502096,-478.2250478241144,-407.3432516942263
-831.3776446873748,-452.23626486542275,-953.9368069279943
-772.375535910242,-158.17477977730653,-623.5834374450203
-579.5911957400226,-784.7376663213099,-349.8007402892622
511.0507174522047,536.9746174737649,497.2529190778123
681.0914889271103,757.4289166587179,515.0951811886827
907.7414259140559,137.25998482607025,831.9808955835402
768.9881718441296,6.467038170360693,569.4309591575866
975.3296304127723,363.813922271215,414.49966485244914
201.83448884074772,812.2034629550818,314.35929327476333
360.120617338853,953.8325389923818,281.46864036901786
-39.29704088334961,-732.6036505967925,-533.8100225315093
-975.6151913445449,-756.6792651566182,-198.33204472426655
-38.338655767441765,-793.706714468478,-554.0997696801376
19.8154763161145,370.94108631195115,129.3129208048453
-92.22722911412302,-787.0200430810735,-788.1931825054296
29.987367997791168,537.8684559458076,423.8045645908749
579.4401681401748,220.13202051065937,990.1939683187036
-363.5699202920754,-302.9856468708954,-355.58123956707607
936.4973316705576,601.5087533656935,651.7966283657261
697.9111145938995,62.79778175531267,965.4960142940123
-24.13656486791956,-83.96551722774802,-383.26058338064854
122.1409408725405,561.2941952799433,665.3832417351914
-280.6177137619561,-537.8632785567077,-870.8959595580021
700.6407151767471,229.4921671863798,979.6266827014398
-504.4482605789806,-248.16478432581914,-139.06159855911903
112.47498641694312,532.0509199289289,799.0202581919585
633.9805444904606,704.2453761676607,928.1948603920988
-315.46124054364134,-914.7459132849093,-358.0909573927571
-806.1589916060482,-224.4117003439477,-233.76123446697227
-670.9891086560345,-599.3746927156525,-642.7803492503879
191.9692210951266,685.6699436222603,151.41650037211986
-797.5671007991243,-552.7540219084333,-917.1322402157879
-940.5242345555353,-180.4600220299833,-877.5678264326118
577.3141418780182,91.0268278299184,505.90380605800146
-385.6362115455953,-585.1639818140379,-291.2067258124911
-158.61787829837363,-79.99416053455445,-67.43592994893868
-386.8416110799038,-880.6087747704433,-718.0308304417559
819.5099915067893,394.79843543169534,162.3530415620754
-325.9994960993214,-754.8418673187294,-434.5243472701268
67.65773918547899,390.95951347057,430.51218041034645
-70.38320266921562,-449.22470853216714,-970.2388204583589
397.45853874542155,164.75559815140645,453.31323601275955
850.6621465618279,671.9724528624189,414.5729069519324
-45.928609287111044,-547.4512744200524,-11.322408639834293
404.20476514915225,978.4655075368648,615.9400731861992
433.8541340518348,218.80084566150722,175.31802608122777
210.50014449435918,246.86440118214358,150.9027566841466
760.6681324014503,311.99123339705585,716.8121967798537
656.1332544633947,645.1620518392128,601.0143830797209
-588.1377781622298,-758.5659071655822,-478.6011215629163
868.9749034513427,251.47678147666568,952.9256827827946
26.47685746954178,142.97618501030803,573.8283567459284
-412.77230855064306,-368.7172751103948,-359.5326488045989
-700.8197191960205,-183.95913858915083,7.115539186144247
485.56685184373316,930.2170944993604,400.8975131132001
-838.9545440146466,-28.16925929682759,-904.9214185824768
768.2853059183294,979.9940145533093,37.826641025936034
115.54029811136145,103.0801137022154,830.6500982081367
56.52829100223825,854.337142910495,502.06125157766604
424.43366517971276,247.38647675935442,627.8362072558775
-698.305410905445,-645.7762377577764,-13.678715914330382
505.2272908796118,776.7854003613654,494.31134311718176
-808.3065804003903,-802.0688672174776,-947.6163592092219
-789.6189679881446,-484.86309246273356,-138.59315889141658
778.8161623554881,136.63084427327294,133.25787134234312
440.6018048526751,728.6939428777711,790.351627062608
404.5970215750836,800.6340287763011,346.6876885398108
485.09589603133065,948.1132024530438,773.0594861236864
130.06779183856267,145.60362503850988,788.5817264038513
955.236753356257,666.832502473217,750.1968663242026
-202.19963327489802,-110.95769905125655,-897.81877367028
-788.527668900724,-604.3108511130832,-382.87227716716393
51.19960196744088,278.8950696227688,397.14282507530714
-414.33580019152896,-313.7384024680355,-5.426332158941818
832.0398688814976,77.29402074948456,521.8637400868175
-819.8077822234176,-855.0056947376463,-276.44471587837336
-438.226061387405,-789.6461642812702,-729.3277978315602
972.6695157702547,642.9772459218617,522.9059180363089
462.4395054935838,557.9921697115691,31.356562056326563
-30.657381230006308,-428.8764752986491,-674.1162598840385
835.9682479282117,727.2953063985509,899.8877812934549
217.02442194162592,438.211286423387,223.18047815502226
239.4782650017188,104.79684905908923,723.1428074780649
203.244315029505,284.2702369132316,521.0400801320413
-722.6028582143406,-888.8199414230659,-882.2187329294452
740.3234766327963,593.157218938814,550.70431646593
-972.6337141696904,-501.5997535276926,-957.5841649561391
100.06908534197854,514.4307576038299,387.12028562255557
-335.4051985991058,-502.03354178712993,-334.3111867778214
-486.88327377644043,-753.4305284068956,-875.4603202137603
998.4799489159755,448.33823517446325,162.91908700029165
200.5970313112865,804.4351933559109,15.147118413931569
-89.10878582909129,-88.34441297833723,-563.6639215037227
28.70746394083686,787.269172624,919.9194761564119
-823.4280278156692,-778.8552638785218,-285.2514371803794
-82.90506554490685,-182.75708610189372,-968.3027529704384
-270.6552504244328,-459.0380854340534,-487.3921819438252
384.40115999884375,973.5840783983327,286.7333403450399
55.86790533374675,818.8097509592193,653.8127539947122
495.83142331400177,520.789058171549,769.0958092425127
-539.8426396031703,-642.0139603835637,-259.48814797381306
419.9841737556723,615.9063015269629,686.5912866892262
-614.421288395662,-747.6179633005054,-46.71292708832004
459.9342202219505,331.5142206331436,966.1471185123588
764.3423120678546,315.91583127539025,457.37529016534666
564.8035177866453,844.8237833867307,324.4455811314826
441.9999808743889,958.3346212024123,923.0710619693223
425.0973936288848,502.4052483848675,931.8917293673813
860.0145140926245,25.70498499404015,292.27913515485255
-65.61215361056361,-194.6095673933221,-861.1848580223515
-529.0298611298637,-520.1612424818993,-10.014456937320688
-836.2557002474554,-403.19710838074207,-262.7891829863356
30.6837370917198,185.51954325922037,147.54763482872323
407.67482128908205,469.45170828413285,330.0235916618437
69.18029457673119,386.7962562761552,823.647953094381
-938.5465765100712,-543.722244149912,-261.06661166543324
353.87355996259805,210.72462900893507,835.6262051188911
-622.5492757621225,-50.08359711790911,-831.906946306633
838.0096141552352,26.348315025024256,466.2744261982158
-465.2405103604134,-729.9695272304779,-15.680214050387576
625.0577738809781,967.6500611445829,51.39050034219717
530.8180867826087,246.155869218367,501.4248642717245
324.18198191594047,57.308046999453126,711.5509605101025
263.69185555308616,338.3421489475302,188.63027424199566
285.8417051495629,131.56514634063151,248.68675069865373
469.32367198354365,8.56846589990002,501.52083549019846
907.0814232177557,817.498627067814,262.17651170173525
464.4958711713023,195.22181667478378,909.03081326744
190.68123242585474,73.70815276915032,263.27252898636533
-831.4492990641244,-891.8789953097631,-875.0765012414506
162.05231211820524,346.2067808292846,970.3493569512968
-550.1363490199126,-755.6359754618707,-192.29980050228016
-858.2243636002775,-996.1749061828086,-469.4819470160852
-494.7417226201969,-792.6860865069111,-611.1940970353062
467.4425875572884,81.46390803496085,531.3615241265744
-863.3438894947776,-728.3368826241872,-998.1422183105062
-601.5118853520307,-326.629203214988,-845.8332538559188
-765.1866347852753,-722.1380671913184,-104.77296652461996
815.8745273930333,194.85318115942678,224.88146000329482
-340.84210858547635,-132.96348135333437,-361.1513416130241
-44.62396521203175,-805.1943341782967,-661.4712442414032
551.126194906441,201.1812625522799,575.4596427097686
940.2074973920502,857.6846122112469,807.7626092900377
-79.47545537983137,-383.34200786733265,-548.113196480541
-152.39475498698414,-87.09734183138096,4.4137066774922005
-31.609524654065694,-83.04874681041508,-744.1596399213104
-417.0067831763905,-892.4245108467151,-430.01859845671754
201.87069571349784,10.32280394417022,247.6297933019997
746.6919364373595,755.2845681958603,228.1975037501206
-528.0293504937025,-726.3832659212164,-219.3133530476665
6.97093676111353,697.6467483834203,263.2826501654065
-493.67371931589736,-795.832778908539,-923.6599807164214
96.28110363149553,28.944954406289753,835.014096808793
-739.618107170732,-57.49276627387326,-822.5300979018388
596.2520980898589,707.1122261847321,79.55910823986633
-934.7252277559816,-380.4602934487118,-350.43391741868766
625.8342134619799,75.98113157675856,595.6885734555381
-845.9981823990503,-882.6990540214707,-123.6956856620784
-316.66841627133726,-29.087201964600922,-484.7884061784032
609.3418948441866,752.6417214070664,666.0669170964859
-36.35363160090424,-605.740887622762,-289.116521370075
-654.1346371133743,-639.7146245720257,-756.8025062930928
-974.2414626533097,-786.209387189146,-691.4735317519026
691.1278362800733,298.65041396595024,815.0675893081748
-371.8924722715426,-638.538234668978,-309.0876040218716
-820.552084529448,-779.5340427892629,-979.7509628989144
-311.6095422970126,-565.3130908367476,-853.3220017877433
929.6049108536587,918.6198604840445,228.7323254880836
-453.0077350367127,-113.28966417738616,-303.1113232753978
-194.19295628604596,-252.65779603002773,-10.52806167420465
-385.59816103363505,-547.6456946538963,-448.59714970533105
-428.76498421759163,-536.866942110889,-693.2546762908427
-234.54632319917562,-683.5113698996466,-256.4597300575871
608.229725323256,177.4625553039043,944.9296452536317
542.1809172567554,833.6573500386667,276.2896713260758
-148.0625990172963,-180.58047791374156,-83.13484341064304
553.5168643822126,481.8188040962708,177.1945113827728
-507.1670898898382,-305.4823202308679,-774.8637329620265
69.86950642200827,809.6888607253424,855.0252107116319
-580.0219820201626,-638.6516533227366,-450.65826584356705
-934.1394962457045,-236.87179087230288,-224.6377007095117
738.3821336382093,811.4525439706526,926.5077444703261
-391.48567590289065,-203.00810488997456,-34.98081501491083
111.86478056293164,272.1162992656541,489.7319286398185
-782.7580417019863,-704.8348663625368,-759.3655698126655
72.34398468758442,332.5638913109698,806.9247571675162
40.03616495908927,820.2883377526356,554.8921576869291
14.931554300627425,306.9384306357643,779.2749749781381
-526.4666840094964,-62.675941577498634,-259.82375370226396
-794.208182288638,-701.7618261168136,-213.83811923504925
-16.318238985856624,-253.80792153407504,-116.74132820029831
-3.03575754048714,804.5485647905258,176.66014098280118
-956.2156937481443,-59.35014307257313,-649.5700381512984
-950.6413947966278,-102.37114001731595,-887.3508320543266
-895.0704805908772,-207.37179526040268,-689.3635513732991
-399.2786025854416,-226.85643080710634,-671.1035666860669
212.01055254605598,594.7896962144744,925.8849903707868
-951.7218169233671,-156.85732084124083,-933.4063695378595
-351.6981201806776,-632.218921704168,-421.5695918848654
-595.2547405132739,-143.81424497202931,-253.09433037315125
79.05630775666596,441.2059923294475,719.8123372827148
-150.40469339180322,-463.0423164719805,-107.83823193043361
22.60060238608201,434.1759832512043,19.334019294479276
310.3573437635054,968.8058494304153,319.6783685380567
-137.8053653282044,-357.9062987944353,-501.750860237441
-396.2949783712038,-652.517145244267,-329.0018313268233
-310.45810682132196,-428.4827820843707,-218.39468140595864
-172.97647024253934,-818.7861538017917,-198.17477899723065
690.2489532088337,101.50927544663112,400.4087450364167
-802.3013914063321,-898.8311917710146,-573.5601123658854
949.0711748520569,204.45366560971985,981.9009925903337
-663.7092665812563,-417.351105043801,-837.039788577363
324.5340498422579,644.588818222182,332.04124045533626
-661.544036869589,-507.9473029754258,-836.5675488090352
-899.28686752173,-144.82114496143515,-642.3790296530398
164.01204395652462,431.3284010549351,358.2056674479021
-424.0295175912066,-112.67343050158183,-288.89123994352724
-859.6680009517761,-161.53174352124006,-439.9529791468037
-497.6281541062536,-444.68593270873305,-715.3106335968791
-804.0586361818049,-944.0875805915585,-237.1394674643293
496.306219019237,328.6449082827672,668.0444961852504
-67.88342209674227,-480.91846919029365,-297.23283149712597
-991.0343112162054,-335.6695803433097,-724.6434189472616
-537.0127917819685,-413.4618511965566,-455.4133609537877
571.3388656929068,327.38995451904617,679.3355256462115
-732.1747697777336,-16.5841430100985,-511.85032622182075
834.9831874234208,471.30507677014185,693.4759862758925
-108.83327527224094,-42.917552206935056,-859.7858011636836
-115.70574190395018,-944.7380859535284,-774.5353084041062
823.9472445290766,946.8157824302306,303.68127860616016
-622.1008568660438,-118.40421023663089,-100.43807176267671
-215.22138306967895,-345.44300947493866,-541.1014726975885
846.2376667151487,823.0511310624861,703.5433820424145
608.9815846375789,600.7443706563265,893.4856353720018
-998.6278198383848,-55.757704158578235,-851.4697361095765
-303.09449377784244,-179.7073615197911,-396.78753674883524
192.19287380102986,265.49020228803374,992.2091655641727
486.8143662011659,754.6868475695196,668.3621130305631
-880.2709031340246,-67.73672610035737,-344.65275839299284
-912.2189583842753,-256.1614178872402,-938.3447935840645
-757.9373389662195,-953.6493766992501,-656.1616039337041
331.68042319715767,471.8620750745282,68.54875879791972
706.5623693121266,350.7096590321586,992.0451420266348
563.862152020584,12.834179969093583,233.09260555219416
-625.3941553932673,-305.78271927840524,-475.8331192624131
473.5842319337415,951.1627309721615,467.0432876786238
798.0855180624931,506.06979710462883,219.09958192231937
-744.5319432421624,-9.878755447991466,-671.9141576362937
-770.2662100763719,-586.4455536159378,-469.41990214315956
440.2010796367203,698.2249705869331,262.53219999250075
432.1958453267585,670.7965895019909,360.9465416574393
416.052354482519,387.1217311449977,62.456356275003046
152.34892509286715,564.4104015915071,905.88238804
-559.1684371612882,-731.5114916515947,-895.3013380650772
-625.5089171125952,-296.08958718114945,-996.0145742530635
52.67861421458646,357.50989114796977,628.0472675191878
-393.2609398379252,-937.3708146915686,-736.5711537503421
-63.266219818035324,-783.759428600421,-129.9772582665505
-344.40050933470275,-668.5814754293618,-593.7662008780935
-219.1970211159354,-105.53973244926658,-634.8521160606335
167.52539894522613,71.83067714739566,987.4499865791046
-906.1945322497918,-236.67054937145338,-507.98207355129614
-578.294619808675,-11.634418410342846,-995.6646928504987
325.49926134350346,791.6376136731828,142.24913550689996
842.7929303451886,376.6985465347416,416.1766385270503
638.8653119745645,581.954911240898,563.2468280930345
882.031344213339,567.1766808971232,340.12462145785946
436.80688957314743,715.4371955732664,246.5450552120785
-568.5624923742057,-584.6968522090476,-640.9125237982252
64.17469919911449,724.8046545966035,452.8829217438362
286.7387237402289,142.61227749495234,242.70512238537196
282.4596656976036,142.34819789148443,186.80181689077673
-499.3136778433995,-708.4025376032477,-705.4452362530483
105.52435568437642,671.7071609148971,194.20217086798795
277.7960579741319,20.935047087927,698.4456536993504
-529.5858540782324,-804.4595993009788,-534.9541265822681
-77.90289639768878,-539.3029959773489,-52.64107470064823
287.72234004433204,501.1428325392151,746.020370784461
-210.53800149577012,-27.274835289545422,-87.30683541692554
393.8370508896315,478.48234062916174,891.0421390503615
-620.5576606265663,-337.35587667037476,-78.01061893010967
-831.2807828301654,-313.9595531811176,-275.13449325104705
392.7416437081378,416.8279940917861,371.0101542915125
381.26892826723844,458.1161542892582,729.4513457359957
612.6055719165247,584.7617012200216,608.2008696603657
365.94650239213877,874.0162326699851,545.181407605213
735.3368466512634,147.99788982909178,911.1274202763457
-427.22757794192296,-668.9981696031688,-821.4997466723024
363.86756570001694,948.6859214825784,124.91843959748391
844.8432323770595,380.7790244315723,825.9839882815469
990.7553488868342,187.9102179281823,610.550428194255
679.2170990320371,328.66878639912284,493.50291066102403
836.9930173666509,107.92808904277003,947.1094338006357
868.951194718353,818.392099356376,240.3834659434458
-659.6649295269935,-357.5052238835809,-715.5770546854453
-308.61404429590993,-53.7024057792911,-238.75343358443047
561.9702358732595,464.18446524674795,37.77133845178743
651.7403452554687,547.0773580790587,775.1431909138801
462.26336960007325,48.71272805586231,152.14662603467335
973.9505412634187,156.72075836345334,674.4286861872646
265.61468913205107,450.11570651796393,579.2140376926432
945.7236460071524,42.03198300811061,826.7363817638483
259.50180706589515,939.6311338564524,429.37751005622863
182.19145069245704,318.40668177781635,500.8745842499277
-378.29224294849234,-697.3248015763718,-281.79395270931116
420.91080231675915,123.96057536797227,435.08660470642553
-268.22283751756515,-389.9639407947799,0.6971959687135723
-551.9926834020116,-654.4230521975451,-886.6452765336896
321.25350815624626,156.49566578618555,175.29272580118635
69.88455479526317,618.8128192813598,143.37483810799992
-486.96521995144417,-662.0818586212151,-36.10204036104028
398.9574985293479,487.3494049204126,952.9070563432716
375.44617947174856,552.3485607883325,97.80705604943896
-975.6929230744872,-339.5931821398374,-269.840399831603
49.98925651476084,422.59472824637453,708.7516431788698
-534.5536770942194,-375.58444565146715,-469.6068715543033
-392.43312418732864,-111.5679927080048,-516.24817053203
-214.39077633030342,-148.6770562844997,-684.2924289223704
466.3494267679009,910.8827816941973,426.8080981916732
724.2327783740612,806.9184454636605,374.3140998647051
767.4605895062862,643.5813040079994,267.7667339437935
698.3653300901965,531.8169412226787,600.3506645454169
-396.4503530043103,-195.47829378058555,-325.28530026247824
-606.6667296538715,-837.8910598339821,-824.3781614529923
-5.87876344339702,-470.0898483572407,-544.7708893770019
16.262976697232826,858.1276090671554,503.8636847594928
608.036856248759,903.2212908968671,640.441883915473
519.953886692918,811.5889306243231,199.0431065715994
462.75637503279506,179.40577279738778,663.269155802032
-70.27109583230924,-437.2906806746828,-305.1205220163682
14.661370734282873,135.48734804863813,175.3510414948521
350.7223453185924,537.515797410972,99.83232361277739
-250.79797101514555,-177.0496413674017,-102.03437992949694
-886.0613980264812,-789.8082918372281,-664.2898442903715
-788.2734667571401,-335.32295514580403,-600.8841683961548
3.2926682192637493,609.439784574286,249.07033152146752
398.9240988127725,602.2533628755378,814.1055616604415
-344.54220171624627,-429.9972937846097,-164.86529514950723
950.6212134629478,936.8661321270192,499.1188647227087
664.3766632407442,705.1252953027708,487.65703548237946
909.24615727191,607.6757552359106,555.4675372351984
-119.23830876055672,-558.0155404799877,-907.7215133940848
-12.800167658310102,-992.8137068188327,-54.66659323675242
-474.8679648716303,-421.0568399162082,-390.2311971476453
-687.5321420932657,-636.9898364233773,-764.5555635397926
-884.9233824675763,-631.8294621077486,-974.6125442796247
-374.300485337852,-597.0354755131784,-847.9956549009574
-630.4963761746374,-739.9822696864196,-247.24611276582345
446.1393950826926,971.5078154177352,297.9821417491825
-292.80648485133906,-785.1232155140938,-138.4809674106832
-198.8414382646257,-458.50718395559545,-792.4686760136739
231.8278601427507,387.3147834345121,348.0254371624959
-792.3845879155799,-932.5305403816349,-605.0803842201714
-155.54899681767085,-955.3255107191334,-508.86393572969587
-605.123078923428,-498.4110868603196,-391.7717062900317
238.46959974159995,17.08695181076754,421.0682659404705
-669.5510545599113,-112.57837354666901,-564.6450063769516
-143.45006276481865,-51.901895135288896,-894.6326742549287
763.1335237624314,300.9104008319186,340.9442616493501
991.555310676413,897.6275385569976,940.5078370094285
670.7933622818348,827.6251008992615,451.3654459986644
-144.16922946000363,-434.1888148128087,-227.88229681132225
-370.3750472789445,-287.7681088964762,-628.0761511124699
-208.2450802413373,-780.1851386127149,-944.9601541174479
-173.09883685907982,-817.7508890448617,-631.3966043349793
741.4194477219188,142.3770546652903,52.584611999615205
467.3456367764359,269.7856652445349,781.8491454005152
-198.56965582564533,-36.008871068342614,-494.07057973940357
-239.6643245409997,-902.1638484820007,-541.2158545958189
-273.05781719332583,-674.1786695221052,-35.10126178449718
29.211180135680856,156.62047367426945,546.3272464600051
-716.695189432517,-686.8804410574944,-276.8141805425839
571.0400719784403,668.9900423169865,236.7239339657323
965.4832338053983,163.96613173782046,481.9464430441624
-836.8697878004899,-101.17806246927319,-500.7715286492042
311.9695548189241,60.98023283273434,988.2929417581723
-160.7875774519165,-667.3164915975187,-330.5039517914902
-989.2154766637369,-888.1486094233128,-648.8549045132754
-272.1901486645859,-73.44775496987927,-329.18040143623375
593.8846327700204,924.7391404856123,977.8761927575194
775.9365764126969,95.49202409510146,744.7532855786048
-409.99022447109985,-784.2850996980336,-655.0469845779874
447.73988720519236,685.0292542836486,310.1309401858805
-486.13531572846443,-359.0708118299583,-733.478922922931
687.2711719360809,325.3142154616829,491.0524498057037
320.6929100602211,331.0611987351819,610.8161723892806
9.687766851539958,37.57451046324413,450.07420177674703
-37.86017801825278,-656.312389741574,-373.55566970269626
-213.69635896795262,-584.3268334847387,-516.8614673776767
967.5179817242082,864.3526319938657,624.5461458775477
112.48172090652552,760.6694102613556,272.44909356756364
267.55936068553973,698.79736057689,88.96256207171659
-685.7998540153667,-317.7193905119999,-150.77903622517283
655.0957216466609,297.8990526090391,967.0755339275184
-310.72558363326095,-706.1164846051646,-553.9225611605036
-436.67370805774897,-230.45634333183955,-904.5331041915782
820.2905413460874,170.41268164344945,462.85220377874526
-593.2624581649454,-241.30372038113876,-642.5141215496068
446.8533590096874,42.94347939124279,490.60524462156314
-855.4610720756311,-12.812787361969072,-611.6341253294274
201.88730128094548,260.1849086638168,587.4973763004916
-2.054948366598017,48.434464374111755,429.0688098826541
277.37542770567404,154.01014821794752,477.51606119207355
991.7084798458187,681.8598660232421,466.5946996332917
50.8910169773061,162.48900285957015,20.31309621640701
477.8975977479543,821.0139581990526,119.15234469216193
826.9110812097092,271.1695683923798,295.28472028614084
-156.05010713000968,-26.65867712163049,2.6979152256659518
472.6842736830343,703.9359861835575,354.78876375534315
332.5270462420701,367.93559588538625,406.4257376617302
-456.38433664581476,-493.84816435584906,-143.86793160854552
294.8247517129543,801.8154353757346,84.11608237164211
651.9831255046038,453.4196220818259,287.6072382035191
-709.5802325230791,-829.5125612649942,-52.718994115937676
-331.3142166113853,-742.8139414902323,-889.8174428472774
-834.2018147471199,-439.85111320918486,-59.69463520031297
586.8301396362572,615.5931908679061,445.46521112122366
838.0596847509956,713.0799188352821,615.0228419334873
-210.03899388380364,-57.09654768823964,-84.49254272415567
58.61588933738746,98.42457428664837,863.9119503784572
-61.31361162707981,-464.08940007481146,-178.15854776300478
424.7154392023895,305.1063354633223,889.4588544143701
687.8211228707972,651.4825261421212,543.5631914863189
-108.94911824682424,-242.79286268650344,-144.38633449398094
453.69600704673866,927.0082695470585,53.49365726729933
627.0516305251131,831.2490509599276,238.48472111340476
419.25245809902054,280.16839959596854,295.37725189234595
816.3687567213545,78.5585655727882,972.7111758265441
27.09389292956188,390.05480157648293,921.229854772667
-652.796641229517,-106.88366628675237,-442.20541675944673
839.503218428806,18.927932196975167,139.61565278499793
-312.31111599146914,-719.9880617248023,-667.4289005404219
285.1236404666886,815.8532721312384,777.121517753752
295.22683023603054,377.84907766426863,911.5961776436909
-698.7928892591278,-455.2148417052914,-957.559987757852
969.6374784700173,811.8005668777272,607.4178744978453
772.1492218842071,827.4804679557166,193.69092569814106
82.1441530411942,557.6859062350895,726.8365331673099
-265.4054521998412,-409.82918088984195,-560.365983552845
187.44517010100557,364.4100974000458,769.0486729126824
-608.8339121699845,-986.6763719264569,-640.6356053663033
-781.8097614736328,-282.2276626053126,-582.0460870682228
-426.57776910905466,-159.81180424078877,-286.39702060640616
919.4551452391198,458.51823419681904,491.0916164777812
-382.79854848070283,-631.507002252335,-372.62679053130466
-786.4455555754807,-699.2497073093919,-198.06410898672425
795.7681514357832,702.8336377727106,423.2875894644828
-571.0405971367278,-426.5472309184247,-622.6174954818734
-384.6538460853652,-808.6799102925647,-769.6445167997648
777.1099294524729,475.92442287091023,530.4051167901526
585.9922856285128,855.7436646742191,765.2343347044433
11.767702698163008,167.99755625417697,178.4993401883487
-987.3144864386367,-863.2108386471273,-612.5654589049415
-471.88237692104974,-260.7574615071386,-450.11508112303886
-568.7128619050959,-91.66840372386764,-94.8760123442828
116.94739203362953,641.9082509852998,436.85286199008925
703.8703366207192,514.8213885949556,712.9687231168353
914.6618177788037,755.3262458632635,909.8348084987541
702.1763190877828,655.3261835982797,88.55428713281317
-480.35524464852756,-711.5300050571348,-411.79871955801036
-818.7944556663721,-515.7500869943137,-906.4940246896653
878.6998477398207,476.2194116822462,477.4684709953425
129.35723960902104,433.06192046793757,739.341352774545
-975.0241925826097,-589.9126154273697,-397.1283909995217
-94.72092031997556,-430.7396979031911,-677.9457772436849
-842.9689960519688,-204.24801202223523,-992.1748299961549
480.2651444568207,170.37027842154407,793.6972013789134
33.44744896690449,940.6712661089039,306.3637457681385
556.2166452432917,461.6541534804427,582.3524999541087
380.97398735250323,892.4850208752421,548.1176661755462
916.3070298943949,993.765362858655,738.3808370458063
-73.13076642058195,-828.9017634262452,-196.93621725120488
-458.57992308365397,-897.2279074335361,-115.34377266139109
-131.3104780799323,-918.648281174583,-808.2045640788672
387.0913847664802,953.8532906810595,99.65195069989558
75.593246332553,757.9361136134478,38.247098247374154
-927.5070543171769,-693.6867832864677,-187.47912575938324
-217.1566979086806,-521.5388399490844,-541.9999268883892
766.1998782940383,542.9919766038315,315.2624908292428
616.2973774893065,944.6245904792688,666.2430632783507
647.0212763956791,97.63167153698295,33.95846591008052
-607.3824813240708,-254.63192589861558,-398.35368170940785
228.98051260484615,300.06535901099403,894.3668659181537
423.19118556515406,379.12438388204964,222.72412934217098
168.59859260398179,725.4642586239779,904.444677415106
-298.9202960397181,-166.06964799330808,-260.41140398109246
-430.56378853994795,-789.0975223327027,-681.5006096279433
400.1652124279693,625.1700799196359,817.5749271286014
-270.5928470201104,-949.1262875478868,-723.992390150479
797.5098103923539,902.5288425711337,465.5143466713935
-521.5767363493438,-849.1622896653021,-507.02099629536025
-240.5212731000329,-451.79919796358763,-308.65110852817224
840.7698218515076,719.9382910899079,356.95660643202643
237.0545703112121,692.7183449664008,20.924958333094217
-348.7911169792435,-264.22500513873865,-487.9965883315965
823.3734369350283,519.6095351218802,834.0103182901247
43.193766825532315,42.95992308182365,415.90470099961584
677.529340575424,386.0071176305418,448.2067339543817
-855.0578234824745,-89.21094560919664,-686.1197408711753
-564.4266168346296,-834.8439223126145,-641.4162024695822
-454.30005365717284,-890.5120370466602,-131.18635851545093
562.2727143122992,611.463772309971,610.0056830703854
392.0761129535713,582.8911367482825,716.330110436225
59.698825158343006,376.33900525407677,347.16968244537566
-138.72860397533134,-121.26350607569134,-416.368678420317
323.24427035821685,168.68086812035847,63.8275205993874
-888.0161730216266,-237.059071894152,-349.0074017870545
771.110335957918,208.53659091998918,561.0699396872614
570.3831029433965,319.1366386383899,120.26863325175137
-100.54496179927776,-677.6541061257188,-877.192866408526
4.162263698675847,753.6085798384958,186.79553943738964
-609.389608633926,-980.1013654759711,-555.8774708070644
-933.3012432821167,-614.2759792145131,-251.9416341327228
-199.79907226153182,-267.25529991849464,-240.58501533656113
-157.0515565682614,-140.86845304920178,-488.2978042706666
-178.5631661178876,-682.9328365103079,-442.0482726137252
721.0297864269226,434.45862672785535,891.869287281369
-39.15648667583923,-32.306184356526046,-114.04086527968298
504.83741360942577,812.6841385154866,361.0574026667942
474.41839344089146,121.56175302138546,980.8872620547208
-980.8397551607382,-789.2935261456984,-544.8236164468581
467.62969720596794,81.15858818392165,765.327650502654
525.6768104430776,437.86069826532787,809.2994066961163
840.5578637798125,132.66654991204416,852.2718888641451
695.0152408600453,341.54782047763405,922.8040772056445
896.04495858848,326.8931369523873,806.7473004664054
646.6687101338355,981.1342787172371,353.8460483963947
-907.7360554868479,-26.425929982388197,-303.8027015103951
546.9751798600861,168.61480163263917,223.42240670785716
883.3952001815743,213.14361595675925,994.0504132550374
-962.4946952714932,-403.82916665391565,-598.8532130047929
211.9661772714153,337.7557691390725,382.67011213749583
-58.972186749914954,-367.7966593997295,-649.2456027099576
-847.8476969441615,-555.049340490444,-677.214561388438
763.9378605330093,835.2003045267672,437.65003134396727
135.53862025526354,189.8005262511855,665.1038118791915
339.095442660737,611.8577757027067,886.3720445451696
335.19205231587557,226.11054248494332,93.66759462051449
494.5017142912487,132.11962211602676,392.80569771124
-234.79174133898437,-85.1577141178542,-241.16367376492315
559.6766442080446,959.7789799635349,319.5174324665234
-990.4268985232396,-704.0448319185184,-922.4306941767397
-239.1486932856095,-23.041078274407937,-943.7121893808403
116.48419829817608,998.011466748171,978.9334199384468
-263.7322626539285,-279.6252646696611,-111.18817390753998
861.3381715267317,718.796074282371,302.23417579247405
671.158326320748,491.9075575514002,264.2980617990931
-885.9359216833172,-363.2696638521544,-222.37118104505805
-475.22602766851753,-580.8361641395663,-847.1976121056925
249.63242555997326,143.05495298456063,641.8728162793185
-734.2077304987226,-667.5376409197577,-62.565337156619876
-747.325251382046,-995.6082753761207,-20.511331562656665
-387.5790954411217,-247.84992797914936,-903.1016335995532
966.070767175469,59.676750144752496,828.5645409098452
0.605833144827912,907.6113454753963,327.1102795354512
-616.2066447943737,-79.84375801915621,-4.669556663312619
-671.2039294657189,-431.6167964229695,-282.3363757543176
-884.2763662963866,-666.3293581788034,-304.5194487026116
-785.326700489791,-504.0185676462123,-768.1483957360089
442.6851789080752,530.902117672227,507.7411528616783
-211.9140131473339,-555.2150750025735,-469.809389795793
628.4435648268314,306.89969607323064,279.348143483573
-490.8559383779596,-246.26138993268285,-890.2964993309222
292.0009696532451,35.20598588363185,877.0586111475859
-944.2275860059832,-590.3955720021105,-196.99091876834507
-222.04127225551497,-208.3091173315014,-44.364614746619736
-542.4526661373617,-51.73417946559607,-410.393845142534
828.8080958161613,18.21192171304654,844.0419341806556
-240.31564302231175,-733.3721792111276,-305.8768494742618
5.534731425148587,999.4965791811265,177.1671348363758
-658.8474629253506,-933.8445581745452,-468.1635779123819
613.2009482400384,58.485174527976035,912.5790682405718
-657.2739449061908,-367.20576976053553,-624.7948716130365
147.3479071350975,486.98046113155004,619.7278500472326
-301.25931440394436,-152.39766865970773,-193.3146537176773
-909.6881313228635,-465.24674169119896,-418.32360018767315
-21.92400606624369,-190.599215944202,-455.9897760823651
-445.4911843797677,-844.7334952676649,-949.7013414092027
966.1023137733428,157.2052908962442,390.2930764098499
79.45472172485798,375.7133311151923,732.0524748955571
888.7141842890942,529.8977487415445,354.3480060143166
-461.24466518262545,-119.49415797084919,-651.1179571903413
815.8663889780496,929.4619904876754,102.20335515916882
-812.2182880965872,-215.07257760400284,-222.58810051650744
-857.4546784425323,-500.1334648878119,-718.2787083538259
-676.7559191086173,-914.5874995964093,-122.02709004817632
-86.46820912114572,-41.704429606814756,-571.3766748157695
290.5541833880671,58.50442589872652,358.07366218465734
-932.9044943547029,-585.1799064368827,-370.73099191882125
-655.6908248859902,-887.8875011457319,-597.6732325119683
48.420992133946434,382.69272387400366,975.0776550848311
730.0336262326753,467.1167775432238,995.8753885266314
341.5475715922813,320.75583583113814,924.1951839365028
276.82349212649325,775.2509851591872,592.4895755045216
-258.2622651496822,-467.64989513708167,-882.9639310360245
201.86450164385735,678.4090309081967,875.4729284329876
454.12270682343996,296.2252607424905,695.3512988903796
-961.9442684457887,-498.99132795200524,-150.45240470695842
82.4178676857785,122.22012195106126,105.87760459942251
-911.86287222129,-217.52284939780293,-872.6558607990365
442.898829259801,23.302492247307622,944.4584305448177
665.9912712553023,520.1187774775125,507.9578305931243
206.87966965760705,36.98058159314766,368.5597450597415
733.7003057575248,691.6134371266332,578.5080952431399
152.38686609358896,414.10784995792716,200.37102983814876
132.4086487280546,99.2264294385743,870.9949675796515
539.1462849600895,262.3371419461895,500.57554736430376
551.6176350785856,761.6770988939443,168.64257956239854
506.1490336798595,261.33522750206265,121.43254330968152
-874.3352452124417,-665.4374022710492,-452.4359970454432
51.08652717628522,5.943717894722725,711.5214365622769
-826.806124265252,-378.8561909588003,-462.61132972977396
117.14219495530982,929.784827982022,492.73648246545775
-771.204754202322,-665.1986660372065,-390.0611049820088
412.7972161777293,43.48594645689542,741.5076414670503
682.5456035780867,667.2199446281816,985.234676602746
363.75481951326736,534.8742326972283,523.3350926757047
577.5548680017802,259.3992160722316,303.7193227755801
-12.779466725120415,-682.442495276889,-914.0388612917624
30.067043796014254,702.4509477888772,221.4339737265739
409.12134384627456,597.6498698010338,901.5791711273162
-812.6437860350809,-769.4014922978736,-588.7122990977606
582.9822660611086,166.16500093171862,130.11544844297345
473.35078664398213,879.6918695546508,572.650555284141
-305.52816643464814,-132.15584446058608,-37.91849562081677
555.0412977359733,566.8428389369257,570.1339703652047
956.9461225491995,606.8588494090336,455.86546416423164
-414.6875508718815,-344.79328234024797,-623.2311149376918
-831.281963717944,-888.8125473290488,-762.2780331241516
932.680587647989,966.8050558882461,444.7765265903946
-124.07817550896891,-860.5226916990803,-343.7970326043908
-500.6132029036266,-723.2599318486159,-389.83540141931405
-348.1577022782568,-336.0222952458912,-628.9832497781817
-166.42815152478192,-329.18777907943763,-847.4010768209009
94.28861894625048,367.42785448815306,462.42992091774056
162.92083254949156,700.0915262310297,592.2136894964784
-634.1266837193883,-820.4454145381371,-729.0797753733923
61.170798480626885,274.4242886067515,562.8195923628415
-397.5966098992885,-350.1930320352201,-773.0117786132871
831.710879642754,741.5290521285535,765.7570165743471
766.0639752875015,486.22022854976655,908.258499697048
-698.2638410190114,-751.0840162550891,-928.8560409795359
-661.1650117974394,-941.4719239096627,-178.11727904170675
799.5890492210576,440.0094399699496,769.1385675552057
-752.0151568306467,-237.31539396215635,-100.58245834089792
396.19130978753554,212.38066176015775,511.77566388251324
774.6444858969506,538.9854616319718,115.04104902753394
518.8091794323224,303.6298709355592,913.3823403733056
-159.72931332529993,-387.6698671383392,-315.78656817900765
223.26383598386067,979.9733313738033,14.85927698240618
-980.8964192181115,-917.3752317881414,-27.65340056766854
634.0821003235587,990.1035199667139,815.0934342832827
-237.99746981292276,-820.8656173985394,-922.0940758290176
8.233848260556162,930.8436224593758,599.4016854764037
-12.990005833441614,-153.72785316577358,-847.7271336774919
-493.8236668077607,-200.63556723596025,-8.742849237793394
317.1220976750295,364.8389610962187,711.6088516917497
-471.44728149284856,-779.5645135204179,-895.6469597226337
-433.1586150580649,-47.642018927284084,-36.92545383643187
90.45448974355932,521.0181671281293,190.34021400502343
391.45548923126535,822.3204258945369,728.6775551978097
-135.16255315875958,-413.82059058901143,-898.6365213654939
746.0009447951846,951.302986763654,99.11803340590124
-315.32849703164777,-733.0637482923394,-144.91461968731096
-414.4941366229556,-245.81802043394748,-209.67460859883192
-710.11213650172,-661.3992116536674,-307.03141037807427
-813.8966141166311,-339.7458569853163,-531.4398404550265
264.42974761417423,644.9411243478838,838.1952081109387
507.4204765333745,910.3764863888119,464.8530065958248
721.9297766761092,329.74840197898607,910.9472255981485
733.2683132219214,838.5028367925655,316.618149460912
-926.2088681076208,-520.4343721815635,-226.7783082825522
-706.4914510489901,-600.7169575420593,-203.22182650785567
607.4924956721063,522.9546015522687,800.2674658047318
287.6619933014866,305.7936167403338,562.1917751316962
-568.9036442412357,-880.7572010593631,-293.5803165966172
-719.7874764876847,-816.310320504056,-114.25439451506281
-331.1051489943666,-104.04387624964716,-489.8321632473584
-369.4049855575129,-227.78728103914762,-291.3654033116603
399.6951179446037,790.4911679225949,780.6589184892695
884.0405664609827,721.571956358182,958.3336860703618
-934.7820119297061,-551.5693478643377,-817.8971775473495
-441.2786937719694,-709.4329238090494,-542.8123660815268
-887.4432941580371,-249.1633083306698,-678.8808492220758
572.6371328575132,877.5427086563682,15.149806003528914
-443.99754486986546,-947.9215174081528,-509.7022181587638
-184.3368017343456,-962.5606820046005,-539.9223689131381
746.082759929729,924.9446210580187,700.1300594588945
-350.170801908463,-538.1442631333869,-975.7215806378235
27.492381974416254,81.94406849519322,99.7532203155092
-916.7662683714432,-789.2475975579649,-556.1757528420102
442.1385847921009,721.6982219258268,239.07076165082375
737.3542236705996,56.74975338219766,654.4838203847207
198.89342460336186,294.9315998339024,612.935108618516
256.3385525551834,714.7110061797746,522.2097064729139
-421.32476459175655,-997.4813267174248,-792.3077754619064
763.0497087027207,733.2680201101659,170.1525799198496
9.998000848746614,682.9284288165898,101.73482514663627
502.2026691582427,28.056857751555,348.22711858506335
893.8947071820731,220.51543220672264,845.2807333737783
972.0410058708135,497.3500096289689,70.31909651103985
997.3341467593574,204.86248649441887,986.0567985959381
-845.9622201578834,-586.5990551134025,-816.4327248174823
79.19281591890844,801.3886498505024,902.0887476127189
-940.1333846389334,-41.9052357204647,-469.8129129265068
-950.177437428774,-510.19728300185193,-130.80832661526665
-559.2927593677756,-893.4022677497318,-526.382341694382
368.1485865501326,727.6988894887631,195.56770845338454
153.40784688638055,504.6849283270479,572.7877952301084
359.5662826423641,827.8090618182533,332.6219897796178
344.34341646972325,965.2489429663376,900.4889517219356
209.04224162641228,876.4166394041622,580.5125427319772
908.6081620739245,8.202613092278801,49.922937558748714
641.131698716308,952.7592263680328,986.5708330044902
323.11692711053166,35.7709458259676,234.36569907476792
-215.05890385696364,-219.93373913689345,-82.37233462031713
-636.285357260725,-663.3352968155407,-683.4276817381599
-406.9303770102854,-523.5664612028974,-955.1400133288041
921.5720213906556,458.0281803941233,484.5961807953356
485.6700868020081,463.57098319796387,508.2988590218507
-904.5862336629068,-600.2426058214838,-6.793085935412023
683.8824685279407,661.6388239567345,228.3945434920578
642.5728262615226,875.8510258110384,576.6928384372992
-690.6322218376529,-351.1609291599731,-752.117101785951
-527.8778634607661,-286.926717540798,-416.3395872969346
860.1515804877841,625.4227530705666,878.6359426803625
181.06303310485583,747.5516558925412,656.9347613491732
983.4499628097659,958.7884854499306,558.9403116709713
-548.5930323553636,-242.02300236903886,-673.8783260201333
465.5303810050894,444.4016970121045,536.3832300805606
715.315625227424,396.9204371967586,925.5209408780969
-822.749023422469,-679.847429433742,-147.18858234518234
-242.2473052506491,-374.30302504795645,-201.57963813347737
677.0788334040988,17.89473495470811,940.8047102754709
-39.30353375123377,-744.1257415223639,-994.230322273946
277.82166759289686,362.02138910588945,571.3826886090895
852.3906441143923,43.878772186871736,581.2853796653054
637.6402470538599,850.3818329411039,378.0927344573204
571.0496603362342,253.0045005798593,735.6516736996738
987.5338219667018,833.1776969689588,436.49910560520084
-484.2718389697219,-384.1485439992805,-630.3091987418163
891.8878933928206,230.22866676981045,642.8111280052669
-886.8593054678445,-913.0580713343976,-207.71833574846448
-743.5354952352405,-179.08033526305974,-368.05355571380585
8.039048868605187,454.279473644845,397.45641365794813
110.22580296727628,893.5237325757176,576.5502087495314
355.040591830477,79.38167616186253,242.10965421184628
-98.54664601681577,-32.67934594737778,-735.3348187593383
-211.74544148792688,-51.941445140106225,-12.025273891954726
775.748973186398,895.3382599576553,159.6801882871572
-471.0106866594049,-613.617137097073,-857.1812405503958
396.1363388281996,960.5365079746566,289.1473859175094
-510.30375059182234,-323.09978865096696,-920.7675573036295
-711.7972689515176,-882.5642476985757,-859.2557693398423
442.11935865254287,626.1017985993683,590.7013900978137
-295.8947386616288,-622.7683932457165,-803.7295179945854
381.9738789055796,104.3037939494864,787.723679648559
-539.9497350786858,-994.5288737679396,-532.0999212629746
-630.9451202162278,-780.5963505012543,-28.213825772957648
214.45614376276365,968.3441054024186,631.2437429836558
-468.317722332878,-710.3720511864383,-712.3858790214754
-124.60262650862296,-220.48659751462787,-256.3848944684212
304.37564462939673,564.429633662612,349.176680652516
-233.01064042149426,-188.61252205680807,-905.4244795837184
-425.73232053922754,-113.66791145954426,-439.2913155494032
-398.26115762771997,-547.01093152204,-990.7449899316408
439.2963397015196,859.3704851679912,636.5525529558575
-349.1836270948237,-610.528742185928,-102.64857092270256
220.55217993833406,59.99554077548916,48.49134800842826
510.00185345772786,672.872445457266,194.72431911392005
-145.77396664808032,-575.0090920360567,-882.1145623958588
-722.995169969181,-66.3131060407984,-100.51254361557199
536.8731799921384,647.4884067504494,243.61192535324957
703.659090969579,571.4552288699554,257.6041495084896
695.1407863978869,455.8706527008252,415.1472207060609
149.920824402898,45.09711458058449,353.2147471507194
921.1113586897486,39.496722382347855,22.63615408175778
-449.9666114247336,-598.618141794313,-422.2457526938232
-757.4043593608172,-825.3832784092995,-635.333970808161
-560.3976937238546,-123.25396019426012,-822.415862241414
977.4607263348056,135.05761944009626,506.69815350261274
-710.5312189307333,-408.7791988464239,-669.3364708136718
906.2698155841505,761.0854566916712,487.9363952544949
-28.463571738490828,-172.00533995291119,-41.745377632242366
601.2763584127403,609.8769122538333,909.288147818362
25.062656346704323,648.0933716862206,979.6817229497454
124.16295645709383,997.4717108969429,527.5128654086453
348.4602380139639,144.9887110824461,326.77313227264597
-882.4959581744865,-901.1886537649049,-966.4694667943008
749.8882429806469,34.819858842299226,120.72724366293774
-137.24017156048058,-958.1184961203996,-682.2252041074951
315.1370206723078,56.52014815571262,850.7697221040141
189.61212764229643,649.6122183997411,946.524363147698
-487.997303187056,-966.4406998244627,-255.779255006139
15.415322278013527,936.44620949381,708.8001944280128
-266.0655292232484,-756.8646903669837,-345.82341691624856
-642.8853076481985,-164.95281105666584,-249.05247173413352
552.4669794651644,237.259542366935,962.6526317928909
-48.3038436124682,-633.2932891673795,-167.82182084127817
-10.465857937774786,-438.30728985347287,-696.9515259588286
-884.2666814795704,-328.38151110006845,-635.103275170358
-653.351448341474,-578.2304335993413,-900.7011999767465
-572.7057289709549,-922.4336932637045,-713.4973494288483
-280.59723146497663,-937.2867839772421,-441.3096612958436
378.8805592767101,624.9268170349417,364.20970235826996
880.1409943187329,975.276752088293,838.0268338228976
660.5408570076298,721.2874792064993,924.75009869515
419.9068025695195,345.3986146282572,337.4132790111643
-115.00379842942732,-64.2009526340654,-860.6488130441593
-606.1475204313549,-780.1813446041949,-166.65230899346432
529.1344752672885,130.5393960673621,405.3597907807362
599.3164773751693,931.5336265564191,823.7401934157562
0.19606223665628342,218.48659632664618,243.0505722126701
888.4029664730866,939.9359936955351,615.0874046050271
953.4804227975695,373.7976070788132,959.4886049321623
194.16332268235627,575.9138332849571,642.5900247542367
126.31081767377628,112.0331608025691,826.5516884351963
341.2104027469557,488.57092135082144,63.25962669281242
735.1604088327684,682.8790840259009,418.5764895616792
616.3640462415715,104.07518828120097,166.02460965957323
-302.9123967834944,-448.1348809789414,-195.21028099470357
99.6790604551703,552.1958673885972,462.36659393036643
-762.1609886382126,-649.3938589872453,-689.887581843118
17.607258784856302,432.57841264975315,378.3318903528034
906.0648286277406,74.49883258304266,731.2079798019258
-263.7553535620042,-956.1851666587243,-789.8085981370822
-840.4285063734483,-505.8030324050432,-351.3621153969722
-862.6769984010108,-579.8499323843328,-674.5212503644395
674.5080344923444,663.3634653190418,638.2664785285517
588.1219955736306,9.011663311788972,348.48303741968374
692.2909784555562,268.1674078196594,653.0975128189683
226.98014440323192,401.6997619117212,818.120965437387
-241.3268845486715,-858.1583195213949,-233.6069015229166
715.7240549361552,6.845689984913273,106.56792452125659
953.2334946350636,896.5510528604823,776.0336614794654
-63.13273559791901,-556.2642563444908,-990.4715995090772
-730.1060950115514,-305.5070571969893,-698.8919126128968
-756.1758465817063,-363.0558295862859,-614.716900904383
-528.7825797833082,-499.86049886260724,-951.461229790429
-732.5458396824564,-133.3502154329433,-763.839782098398
236.97150527206833,270.111016472912,628.3847430322262
-904.1237057675501,-902.3316311036393,-619.8126549238609
417.5530070190602,935.0590189243358,189.20843089009585
874.6596188112729,587.6604203095001,432.66928113895665
-333.1246099785694,-245.6074420385396,-316.8732590008624
529.1280409165115,312.3276358619403,62.49863927856076
-321.29909887070664,-690.861895411246,-869.3865860228733
-995.1866888835677,-933.2761904053086,-750.1828421757518
-448.319562561044,-855.1697940896897,-86.02731690015378
835.4960976518017,974.8805886149719,87.24850575241797
416.75584998123736,213.9905901163416,924.0543979184957
68.68773142107186,783.3373002380902,109.41278237836787
914.7351539939931,237.27142166802116,805.614924746607
79.38574693766076,597.7127596514176,922.6390682710806
-946.9098603279484,-607.4429117973029,-277.7748152988188
-742.3425334873099,-930.2955151688657,-959.9253354874143
186.3802104868734,333.96446769739924,780.7618210462784
-909.1891859373487,-447.864732875316,-176.41078341186585
172.44338171041974,29.803298437334874,635.4720180985493
104.23866878999848,342.09464808768826,888.8684999658501
-593.047169843873,-213.541487050275,-8.923327405442933
-892.3417701742322,-269.9428483926446,-616.7130786784409
-457.95125181405285,-985.2278269744734,-299.909066496249
512.2009569865611,487.3711199365782,428.4060184781339
-421.5043530823725,-31.303748587470636,-469.41187706827577
-55.18721157436971,-74.41065307056454,-299.03712624417153
-306.31522352612615,-877.2741221008907,-967.8030568796472
831.4535749932702,883.0595295253762,202.81178565883368
-561.5433609781619,-797.3706560274647,-127.46357036370591
-500.2419961302668,-218.58667239088516,-911.2066984878094
-78.53747488189924,-686.0390819915838,-100.17752825626201
-940.1398857152944,-713.9018099314228,-667.8806193224655
379.4083371604506,911.3494732313771,613.8951952816457
27.536505068234657,211.23758587924178,460.7072280857728
-49.20292897171987,-273.6543059579134,-341.57403393089976
-279.2366452758188,-568.1581223297657,-271.7012779564892
528.3566409883663,282.068807262293,118.90289735559297
-202.24992248753483,-627.104364626872,-550.6970172808093
-346.95411603306775,-349.73603002867935,-425.7300453882058
475.0064513172374,557.6447362609516,500.7253975074814
377.39776073573455,458.2169565068241,825.9616612858075
524.9450806724252,337.75274166982547,77.84586186915286
527.1636405189874,269.34511204130075,643.3736760308859
401.2106502774348,985.7106868155686,91.20741070458335
139.24856199707062,983.7313592492881,145.64229350425813
-933.3626058920738,-258.35486139393356,-146.95466747676255
765.0546034048334,589.9742163521561,766.2662042915002
-88.58448784743189,-413.2583670891787,-96.57867154524115
126.79540134972328,40.139360775824024,500.1402322795634
-124.60620413484537,-108.11198114008448,-60.390885437196744
-406.6779500469768,-855.1536264126332,-463.75286707545615
150.8786463566757,123.30055132433712,738.2987065485305
742.0081071135993,138.39922945798943,296.3474614309504
919.8628955890094,199.82329718668635,430.10703165709924
223.25534238786707,581.2656987463753,317.38374726598596
429.5541985176104,756.1760301223476,88.9695123850795
-947.7711686661768,-512.9107396808063,-160.94642873778605
896.4249739152884,607.9889936949113,463.28513066240413
-334.0003115557811,-442.8319299315448,-67.18096143744845
950.0545750556585,975.9557029977309,792.5484493098824
708.2987758483761,755.8167290520724,720.8935748233024
799.1610782488186,106.5311002951699,883.4840093798044
814.9787265474831,418.70520824465433,459.4969231996009
-475.4014159025811,-686.7618095557955,-727.7495548342152
611.6990988363792,912.1362436730598,741.7924158749356
-430.9706930782894,-267.90895394826475,-260.1467730592851
-633.821620322951,-950.3348919917738,-474.8384664820579
-330.6174952955595,-201.04026984786162,-160.1364372910882
869.4821140449778,942.1656014371375,534.1606085895073
-682.9304834770172,-608.8205674968244,-857.4101959910265
-384.2788562182144,-68.61424435128674,-585.2406802699786
45.15602786354833,954.0837242860405,375.51579640300383
943.169913289171,786.501420511073,259.75030897749826
-481.08318798545054,-939.6156048615064,-680.8462421492602
78.92759176725868,181.98879336499144,580.6068107574511
-805.2526311734057,-208.42690488060032,-297.77326552335853
-309.3826709128383,-99.7122504558887,-945.0427433369549
-973.2257656771629,-578.7005125501053,-202.62748311323628
332.0955856714778,643.7627315661503,737.6255963127512
-483.10951816579984,-609.4756441384202,-523.8098690512462
-15.193204387081664,-435.7915454779604,-554.9165891235978
-91.89166529694751,-529.0666223705414,-744.2118890398882
-678.3833683402712,-491.294274060947,-780.7005724305418
-44.41528293156,-257.1116558165662,-50.4800546841667
799.1719741876026,643.6177147622328,146.61120762742263
664.9312829221287,419.34293289943133,935.239997026228
-420.5117780781004,-371.45917426776396,-709.0125424194462
-6.941935059257162,-950.8873571804163,-749.386972920345
-658.9900245880435,-939.6044693959003,-579.1736348447085
-239.0302604395158,-574.6945633278876,-829.7684915648471
-775.6831160046523,-610.0751148591207,-529.1466396268042
235.31860049094075,888.6455176773616,465.0333187929981
967.9507295452232,232.5740052539457,866.8327079549221
619.5236557339505,741.3671258066108,365.40064218096114
588.5349972199613,81.58751204376352,700.8424016606613
299.76420040966974,962.683567254736,580.7678306188558
-122.5493108362773,-629.529510692556,-266.8097353347034
-49.651867512985746,-680.9258578464718,-296.00654623439834
710.8118489649273,829.0526405776782,780.0847727426013
500.12158787291935,826.1109962279941,541.4590534407569
-473.8880116367129,-517.6040791248549,-134.96394284083863
-249.89340071025958,-638.6204023109782,-400.47586720154527
83.36492393789482,166.87080127435559,901.105991139878
565.4169520918057,727.6925250472502,95.90561161025391
6.229777184100909,402.822596455095,935.0468304606597
631.9543598031098,137.32200522452723,125.26865799834714
-610.390847861881,-287.4362468328202,-206.53635727749622
681.3524969193969,814.0737235663016,28.758517045535392
506.15181494943954,365.273847060019,978.619490096092
-677.4743259923812,-535.7776029066715,-106.18539897179107
-26.300369877616163,-848.2533138567321,-543.4665202362335
-575.5575312652145,-576.102653821198,-402.44052653300866
575.6512774764612,925.6256911809004,830.4971126386487
892.0392947327888,417.8996667818038,405.1534601147518
-609.8705455877971,-236.19583550129937,-762.5376305355342
712.5660774506364,480.67216396648536,933.5021827405733
399.8679812317566,743.8356637673229,116.32081738053998
-748.4337211660554,-433.0564657128915,-45.52779977489365
466.33569325418966,915.7196326247725,369.8144156327069
-880.069027193048,-534.6100162416554,-902.9970187786774
262.99737927817813,550.3835532573889,19.018854801083634
-504.69862566949934,-154.0527766897045,-595.794703330694
878.141958893398,428.2844115783217,264.5614236534611
-937.3694669579244,-677.8047845140804,-478.31278548555565
766.3939961628417,953.3500849644965,361.4978598645621
79.02422461077772,11.31268814993688,123.85859637454811
398.83945658495213,737.8086812122709,58.31245649632473
546.9399799003811,690.6827950056019,88.391242998647
496.8083128527357,762.8287137214082,485.1727255484935
-920.7124243052046,-557.2920746812836,-188.0827913050989
-918.1288465164832,-448.9211881736004,-942.9661475487649
-856.1095484738453,-411.39560425998354,-780.9437259460542
339.5955404864322,794.4506524092741,708.5038769195115
453.3769899934679,807.7321506400367,974.2619666662715
-333.8434147325638,-711.1836033780796,-982.568764112051
-294.51616557554973,-342.1185510578746,-441.5965762797721
-993.5053345919316,-462.59986303556946,-426.0049917286515
947.2640001871737,717.7469238853289,549.0568558821592
-778.5200042967151,-112.55508707992624,-508.6695288463461
-219.17006795723046,-790.1586473337288,-867.6382788918577
-844.4601528931867,-251.19024157749573,-473.0416762990403
91.65610123144079,757.7144193107642,463.6037356853196
-765.4419292941996,-201.26256927583677,-335.91073159395546
-615.1103569045765,-417.25442237181346,-997.304215098118
437.0394067850019,426.82706436558715,548.5652524990589
-996.5910809537145,-964.4325288132676,-632.486459704624
-295.1193786950811,-734.4276070313913,-312.6599536633769
-813.779514404025,-118.66048108709322,-735.4451294584353
406.5724477397606,396.75387927258794,66.58938199093103
-767.2671118903379,-743.0523598122363,-98.16070103869777
-252.50385101571237,-384.8348813796081,-904.148399537188
-29.520383919450524,-903.0279792226868,-306.06197078213916
486.0858291902006,20.738824147844934,337.51652072485854
467.89965294060016,738.0871834444563,738.4831121771844
-319.74554684374425,-944.4904114293474,-935.1100559052702
-57.687058922822416,-820.7813508264813,-852.007123119214
-830.7023657334335,-761.8370411608038,-310.1103816973143
-85.01986197863982,-348.82492672386275,-760.8566792863091
201.3132161085598,528.7444811485454,861.7358566787105
-659.6534989910558,-345.04876787447563,-716.7049717691621
549.7749187501939,119.12063613259066,149.72465804346496
955.359032216224,55.05817367769328,202.52806134297265
486.30052246037457,135.38388601213114,297.497833652187
-539.7493321716047,-663.8442206773086,-69.98100414956673
923.1208042484424,44.154118839524564,278.6983874838982
188.59913491387147,217.2954163633772,21.986127969689107
497.4642425251005,205.71720522579548,157.45989548947196
-432.0888008578088,-7.78019847615974,-626.4810365957526
-83.41454015808438,-389.40118373646476,-352.500695475136
695.2786316655116,255.29646540682768,758.6171481965059
788.2779272233884,889.403345109962,834.065970605844
712.5224861478213,628.7763085883191,311.3725161695631
935.1833984643231,708.1638213154492,223.42615964222207
405.88980419993845,635.266716322585,261.1331727816108
-678.9579665446834,-809.8748450866269,-284.10874769605164
-90.13103368878058,-235.48489042347865,-385.23525202630424
-260.61308381174365,-197.75702988145792,-561.236568831131
780.923841802086,933.8673942365675,321.9741396131679
-276.5221772300165,-196.38898932999155,-57.89756009116195
-572.9099975623035,-875.6106365776021,-94.25929782240314
-991.7994744521588,-992.5279121852598,-168.0584487750324
887.2621421462798,893.3801294811839,226.8374739774756
276.32384798414387,370.8649882774423,322.52986820388173
29.265325431620994,592.395625321348,80.98541845246048
119.35272978847874,33.71235724689543,742.9064692685064
-412.32426368134975,-715.4398827415323,-835.3177075830574
-498.6370953634641,-260.26072252477366,-964.0743831914997
636.2071517594245,573.0635592561614,490.3581098846559
368.9859879594022,543.4125564279719,64.2831705909731
448.4954240385487,476.6839388058117,526.5440937450352
398.74069299306694,774.9958873403418,545.6315835806209
-720.8805253811847,-470.8953449897771,-451.1425349588658
352.63788545860774,950.0391831367679,460.9273060227201
454.2441510317408,820.5245867651665,751.6664968212349
-903.0830266099811,-750.4285732120686,-991.990920134868
324.0373982412708,590.3473490042404,43.992868867200144
-970.0610266055673,-284.75641354982827,-687.0175017293222
-182.32493176085802,-222.56277221580763,-412.1741622214847
725.2771471735688,517.8154959074126,314.3059654175943
-905.484075527427,-861.9079837637423,-240.52536803489215
126.21553330750248,147.87337001927236,791.0398186023555
120.78092248929134,873.5754223769376,502.5510678371633
593.0164683778061,321.2548483383538,945.100134518924
-560.8256503047733,-577.5109849566985,-884.1683004487356
-197.5068409164636,-238.82868411375034,-44.47733437774889
-296.68566595941957,-192.30458559973272,-830.902277835986
-324.4291972502824,-34.81098480441847,-729.2874497953799
884.3092597785134,622.0157210925668,190.5709534391207
819.8442622273872,506.79149560636415,56.17019913503624
990.8308193007169,820.2465675630972,224.0944433505049
327.22442178836945,712.4262536982008,523.9117858852669
-184.2311363085754,-647.2401081592059,-327.8478865104656
261.0644377326946,22.91566790021795,448.2614520361442
975.898259829253,244.3258180160001,30.61660220108031
367.200777982203,964.4769254612571,650.7771097078084
732.5459016682656,196.11860879702522,260.06530428185124
-994.3420003439192,-967.6637113065233,-718.4443622661026
873.699259071604,200.1672387723046,54.60349922359015
-159.6976012802911,-11.43360641877473,-82.16832009915379
87.88448413596207,509.1766704130929,338.66269654209515
294.75551756117096,544.7839065832565,176.90615864450942
9.495259219866895,94.45350273072138,992.8251156436266
-387.38758451338947,-642.5221444101568,-245.7903790984817
-468.54791780170433,-918.3683615645471,-633.8761984229359
437.54424626374197,475.17589927966765,444.0267783716092
143.90187734579837,592.8862332093715,659.1864836072012
419.6096502715037,894.8288945600444,366.6490427560546
674.1031729392214,419.69254612737114,693.0131366400511
-252.64415586626262,-131.31194485181686,-304.25022171640217
-389.84003510488174,-628.8365595370365,-9.497041501796275
224.77793569407086,937.9476379851919,133.16021603864726
-483.2753602922013,-996.9467277027941,-803.0481856525832
-532.5520496199474,-981.2810842525821,-920.6108539783548
787.2070990849634,193.7857604599437,20.27239754893276
555.3125812642006,565.3399293639523,586.0328398805309
754.3436323620923,35.97224800437093,265.34920369158704
-581.1995042763408,-625.6247068912528,-470.70507398937013
815.6774693739443,899.6821670807366,698.4410860617902
-343.7501199354441,-120.6390074914001,-534.0314955418917
-382.07771566132806,-43.87731592268972,-57.30461441706041
650.4802354597883,749.7357453755394,613.3982217021619
-412.8465999928586,-252.5621945552523,-165.02882429094245
831.1488596356457,646.0201829595815,451.4701803630374
45.04503079561077,160.83257011441012,894.0014303416493
803.4343312675313,32.63167175941049,195.15215782745057
716.8189092698291,398.4091061393116,431.2669810053973
9.978013577578526,236.78399125173027,810.5550678724485
993.124968977693,141.6570670808686,883.8242668487118
-642.5653964927051,-145.13302505681838,-952.6253071898524
596.7794933857621,637.3002476753676,125.83093033248795
163.59975318392253,118.45732449830491,384.67089283993994
887.883262026964,908.0726564448477,229.21097208654098
330.8478185431382,91.10371534915821,350.7412692379694
-474.49964198665873,-416.93388485686205,-202.71181677769414
47.70019136578239,841.1182401679191,975.6712498911933
497.3148169866509,914.2482035076104,659.2029564381313
688.9988424144694,529.9732812923903,488.85914817203945
-893.3609415177348,-885.1651949307413,-791.8344668034887
112.00509685994409,667.3058730666875,663.8075462388391
-674.4929546577087,-72.3157815066703,-282.8532266279667
900.0176737418732,942.2085203226533,788.6610233910366
-116.13995058249907,-356.0484933499364,-342.9069409745939
-332.6738001920139,-564.6348019879354,-728.5905686207261
244.68989904250583,704.0221869294094,943.2701236240566
-238.55355838582636,-432.8881931325234,-170.30758890733705
-396.5334158987896,-177.8438216948815,-373.7523248629923
-914.8402956096978,-924.5990757698214,-99.46125657047799
-351.53922877503385,-739.009548008307,-130.9119554564162
-78.88311672688485,-850.7126926535536,-102.4031071459575
934.9730890331579,76.39059882884406,171.2906772088463
510.9043529797568,260.24456718233586,242.8745183312067
689.4941299110681,235.69820288515277,893.167518288688
101.69051911003818,691.4760422835824,799.171748754047
-947.0574757641597,-105.58549650673126,-1.843553897745096
-700.0091553611652,-272.8907252453756,-274.15291546908827
-967.8963083800102,-155.1224151119477,-332.72830016028126
-200.51887013737905,-339.7320084738369,-934.8933512205417
583.2308642608765,413.6396024793758,779.5594728886877
190.89535218606574,119.83690055175354,546.6183694989799
560.7146133530993,396.26247296535126,375.75506963519354
-678.240439493386,-49.422953415847246,-136.2588812828027
-756.960035021443,-792.5293288814065,-885.8853308901571
-390.08223768182654,-405.68506078845246,-22.979143254269957
-771.3535709907626,-110.6604282767687,-516.4520490864983
970.8282308148825,41.030678729221435,227.7937213968279
-554.5296327454142,-963.582283553882,-490.9167607269978
38.924056629326586,992.3800129158992,338.7856481052868
-83.45256437496323,-126.57068658997787,-799.0836612213365
971.9053791422822,998.9887706973507,605.2630802722703
395.3666556945166,503.05656605186715,385.3203255969476
-377.0333214422609,-845.319151405608,-149.62332923566953
447.5936688652623,763.451720271463,459.20234086322586
-878.9700285918367,-878.4518137705868,-447.0254222051275
856.1608422714515,815.9636336476975,724.5253931306768
-939.3804766434778,-115.17304526984833,-750.6448789950871
-233.91582108509056,-577.6782899575277,-290.96850904415146
264.45713237186123,430.2670776159552,598.1413879899145
-995.678302689367,-145.0897317976012,-660.4505479632093
-168.85284244858565,-266.3974367337995,-456.85030041407003
541.3638598246608,344.8648549178301,393.28983461863294
-450.21440199946096,-119.19932402755069,-902.7184522046981
-525.3684758214582,-798.2531019810577,-259.00063451447215
-850.0993072890211,-308.7802159456188,-753.585416535596
423.1772295583121,977.3439190915495,518.9517514068892
879.7886092653756,371.3122379610729,846.8352027413688
-668.95852455981,-989.508875159268,-560.8535709289788
-434.3394507164178,-912.3169556750913,-201.93268238921303
941.4188555086755,781.691842132489,289.0058404046371
505.69376383714103,205.73853888783103,977.9162662037168
-858.269292815304,-838.63511542222,-901.5907412681789
227.27641902924074,445.06922126526945,666.6910123253602
-365.1956985617164,-529.81821137101,-623.6715566668305
-782.5432982219022,-936.1594845726057,-3.4379550559073095
-162.47089026969445,-442.55737008993356,-610.706586787992
-267.34460965614323,-766.7993286472285,-391.1121124108196
665.5211317637821,973.6312817038745,508.80540606788406
-145.17646530519448,-204.45161287521137,-255.43784810355442
740.0675399248225,33.687690735891806,640.0325538528314
-136.54137778162465,-481.2944426895041,-232.7488650600444
511.2812521969132,969.9122868469157,697.4092659359071
-772.1331027883822,-22.03861757486709,-642.2982575930916
98.44508551515044,9.726283645838294,820.2138107732422
-17.72724791554424,-147.17579345775061,-372.9074962253595
-884.3903514090491,-697.5664101009852,-383.5711753348421
133.3917850845583,509.7653048491316,921.4130304125842
-916.3044703631139,-427.10399159755866,-866.9810713501743
135.09874729133264,326.2443617530389,65.01448387830605
454.6841244649659,432.8348921666263,146.6127005883278
-245.58781213629425,-857.5522123760088,-467.36760165996975
857.737825897282,96.85754655101081,576.5403718003471
-628.0771341372765,-144.9608304812773,-56.13806076755645
635.4416130523211,312.4411201854071,651.1578267138196
90.32971225618473,913.8429747915782,400.6520893746616
-773.530955584182,-81.59651651535523,-134.38502719143605
-555.4496977634356,-194.22643702897722,-49.488745751320835
304.510773777242,917.9626136391221,30.383657552692675
19.81615527102354,860.0353415333622,269.9631917609403
-895.8090011104734,-142.69325638454131,-767.0480866161156
-555.5318892244597,-967.7856785502413,-144.1905726494614
-689.7555543832315,-279.6828002269202,-77.82059100426716
-119.75350849347035,-403.5126558935617,-931.0677750531922
948.9502330176651,425.48821974353353,834.1696197584292
502.77097394127304,883.4779196467938,400.24015342077337
-792.7857280241159,-574.2533320116677,-284.0801051683827
-419.4729381253179,-622.2843186885543,-951.0987138311002
871.109974876737,121.48815971197922,966.830196945045
465.4895097146485,953.8816416097397,878.6739183955336
732.9115787733665,27.550502875298637,110.66931602020848
-407.84904292208535,-306.6238512356176,-756.9476343296382
-873.0712828158523,-570.9027493109861,-551.9924509509067
-637.7716595821455,-551.4473185376382,-944.1197244432379
898.6081994467684,648.2923311457545,672.6120526011265
562.55236115458,740.0325642134447,122.82137503901683
28.75659341108978,5.802747978388778,743.6996263375792
904.67193254474,400.00723056405775,945.3131063530819
548.1513505578873,418.43185234275074,336.88779751160814
463.5981628556057,11.015294531568404,100.79231599467366
523.5799542795305,7.756706297327745,834.9834195939851
952.4631689544289,855.5493785677505,668.4122789946896
-335.15525469630256,-730.2821166685438,-833.7869488026942
359.5676102455601,989.7440558855884,736.2818851286537
935.805282037358,787.2294204996718,813.3191588306206
410.2593714219015,450.59427891374185,632.8053205285369
-330.31225996253943,-786.7859271356205,-421.34129837727346
-496.8653984654009,-570.2711543503463,-285.6089738624464
-338.50197598357124,-803.0609678735058,-847.6679192234183
182.47493188971526,810.7681857705525,270.76352104588415
-14.388516761538426,-625.0293001207374,-161.22715857803155
-681.1583713582645,-103.93186551944996,-788.5776731841457
486.26942733916616,9.758897361876947,658.510239191833
388.34521997134823,562.986551397151,392.4051643533054
786.9316215218412,50.061002355404696,780.5941471464516
-64.93932253749244,-846.7633586299756,-101.28880769695866
24.03955041868687,413.85999644147705,27.298545289747018
545.1416280917939,895.9464724908419,946.6855780637492
833.2551849156374,536.5833647127183,814.3375681100343
-911.033909868716,-363.7632671893997,-290.6367926808439
806.4937877580978,570.0512150824403,866.959608472736
903.653719354104,962.9545716935636,478.14965083876893
-540.2695296187826,-5.4255724043505325,-554.860736225518
684.7300101754969,769.7104653910999,857.4471310590686
-627.6998555421975,-909.836814322336,-668.5193141411451
-294.6036500821276,-313.1564944927071,-5.907148333969872
825.395417149857,623.1149496970984,737.9761814252557
826.5228453668348,361.08548233044087,265.0291190024463
463.5037177888628,988.9226470590195,37.646161952327176
-810.8444303650372,-756.7086458064541,-898.0377308878958
616.1046592498561,50.39778970279859,945.8629707922048
-952.2993327817236,-430.30408480474136,-283.34818501036864
184.21394173636068,862.7024494186517,400.03849506870085
-172.14454455845816,-27.113542878875364,-642.8802643318231
61.63689322402294,968.873646877901,49.21655130867215
-526.5214449772307,-883.8007444148005,-204.9616120159401
-9.847215958289212,-993.3315080764804,-526.123970602993
422.00567621930406,561.3888214830687,755.9956619730449
-502.6109959686485,-483.28596095133037,-57.97070808586875
138.48301878907466,12.61976332199746,640.2130063011961
-510.9411549893604,-424.02339183681283,-757.2557332975973
-915.0696400384469,-288.19587363309313,-494.4567002217907
568.6591165995087,517.1258575870976,596.3929901622059
-822.2317112661693,-373.5267874627775,-111.71485394933563
902.2801158465679,53.61119945148588,45.13978212108577
769.9776261821437,902.4285635457417,87.24120039963952
54.09470899675692,306.0998905471829,709.8568848204669
665.4771541552221,686.152817337317,704.6731466737193
479.34177509257546,963.6884168746155,445.9432845536279
-68.82183626905248,-997.7067286703534,3.2368702057016208
-8.036397095758048,-175.3622288801629,-964.5209640531028
562.0271164102626,261.10767745430337,812.3177150746997
168.27582923382076,67.3753173360224,661.3249432254235
-502.9056242450969,-955.6557940164108,-849.3038960047502
428.29836763928813,248.67098561705976,889.6206778632234
953.4171480450764,850.0393711870029,466.1770416346967
656.7669380398038,524.8595956119728,876.2764642627798
-335.58661611648745,-991.7797108276641,-276.0371273431796
-598.0953370904199,-405.4020624860052,-651.7227816027032
-63.5941438178337,-289.50653541321924,-291.90844825595605
-210.19975358332738,-163.75747462923164,-834.0137920974589
-960.114446521193,-294.1340686207142,-879.0400903414017
-556.8235785267561,-764.7087233424902,-949.3898811178399
-638.1144100289052,-766.9621652170456,-490.71002428488293
-897.1733898950945,-959.5516251212832,-489.6397830421037
-51.24267694215439,-292.1904409951213,-105.50737530818901
547.2192099396697,624.4000874451635,567.2532580033977
-902.4912336133192,-690.5253571753467,-854.126778535537
-66.18248003753786,-127.31454809934223,-516.0767478760655
656.479028588336,383.31387899602237,965.6410409534591
-846.8482621370557,-941.6523515252535,-176.25606209908972
69.02191616532939,17.46733574652458,848.7762403576819
-814.5584993647128,-711.1857940888716,-718.3171022701931
-749.2950497141702,-11.907438374031926,-696.5045293058154
71.38730292202558,846.3559736748264,693.433906815002
-742.160269499589,-185.19079971270946,-306.2300484329829
8.786273960705856,187.10190470851228,722.7665733658548
407.8367771783859,11.442898908123883,265.35101042943114
112.48611457054592,954.7891226917151,244.94842657120412
558.9473357855233,955.0848000151074,449.8578592991226
-699.4866251597027,-515.5073073130836,-865.8411785937575
324.18359290859496,306.7103714656449,759.2995461122216
426.74520895547397,158.46710872299505,610.1456658315262
-950.0016284097171,-369.52275055021937,-492.9027637708775
161.08234339586753,27.66828384417242,945.0830601768588
20.960832912589023,625.495861366463,16.61153583849929
-157.10379478969992,-318.0507583026887,-156.98024921402623
-897.9400770630334,-613.8788181876561,-614.1765305293695
-799.4033831645127,-625.4293095248222,-859.790653839406
373.0909835719277,365.7874404810936,83.52797881361622
630.6033512380588,474.2050867680024,609.9501261170525
674.8379438883087,902.697113998726,766.9004414184257
82.01325780982762,906.5869578957213,728.9600457253406
153.3593140819917,499.48553297443743,171.00622449452513
736.6893425329829,807.8588032762964,657.4932966262195
208.30374127931796,232.42369368945697,761.0719238093175
-873.8460765317554,-537.4987965488104,-574.1930681210167
66.98387567110763,728.0731654268593,569.7908245808449
987.0447164741882,840.1099963961689,999.136650520763
-745.027573612196,-177.3748978647801,-777.803777860026
925.4248954878132,87.10304214225332,813.4266464564331
-903.8223546978876,-639.0423489910617,-620.7942978634978
-816.9637852757535,-675.114265285067,-932.3778843746596
-140.98239004353513,-618.1189972484138,-43.75611189259291
440.6118973827728,604.7641064678951,731.4522092556101
-101.35725971442321,-739.946651788697,-914.4069842911242
617.9501411301815,152.29505138410613,551.0319676872991
-2.1369527507390504,780.6952688614875,729.8644905446176
-744.6572753175701,-510.6614193128602,-933.7867042485606
-876.1584857397864,-49.52923732601778,-912.4966646083182
-527.1904756574677,-215.06505361887298,-675.7416557050884
-305.9988474930684,-364.22269695467594,-133.71092931449607
-557.0451970914129,-921.4593079213128,-84.0939825198493
568.3314158436519,759.0237964669353,659.3321550520768
-609.6608491060583,-65.15266559762506,0.32733086964015
-193.6608261445465,-820.7752658044432,-819.7094390135874
957.7001215921753,843.1922086787296,749.7994529588743
646.6928935680766,19.375549532894798,591.0216799171096
539.3621892343504,703.0076134681366,139.26671706966454
651.3800494623812,360.95022559505475,422.25112760748584
-719.0045334676322,-556.2694991858705,-787.8272555239348
-990.9554888850757,-947.9220364387271,-619.8864094156762
-504.8866156519734,-901.3674074774306,-741.3303739109961
88.36671131581261,542.9807751469037,88.77448002003769
471.14890089891816,317.81836852400727,761.022291123103
-761.6156423461282,-153.8550418361284,-725.404820561289
-809.0560075232379,-482.18034625498024,-123.27008654446843
-83.96120785123833,-995.630409987258,-579.60089348179
-961.3092032253485,-951.6380501692947,-120.94221877920961
-652.7417004111139,-212.65060538474586,-150.57229647501185
-359.69572261207134,-594.9704656696554,-445.3161959977658
-702.7460456039075,-140.30843827315698,-677.3075330862657
-492.29874564324274,-138.16010672399693,-129.996489185379
-36.01980267404997,-456.81905162732846,-659.6388802076294
678.4345603448932,484.7275474183245,821.3224712937646
879.7608840020436,836.21346876789,360.21726615522834
503.81979827060013,814.2963416514197,469.3666198258752
-628.334926606902,-993.7382896119268,-901.9136309384755
-243.8017330769252,-506.00019587774574,-936.0850948549162
328.1796793763584,24.184059715975494,898.4224827796786
-26.368212761358222,-368.3925560991479,-445.3841545065236
257.9067251131272,94.201340615349,150.2540322080798
-311.1550573797018,-835.2839320269948,-323.87919565941945
-842.481886798911,-125.64605201373365,-570.2277149403344
-765.2638219992602,-861.4387444220187,-0.7523597274550866
961.2232964561274,206.08242983479084,234.62673383618792
-632.4557484914315,-540.1473376560361,-516.7594088735084
754.2595187115859,652.7873517643147,249.81784079969543
-637.7435403838225,-90.97034734243857,-633.9432571392105
219.4769323177273,651.3896171264394,119.91251145141769
-600.9595078000532,-457.9376401506547,7.828339735041936
-323.17954102257545,-523.0678739679299,-145.85503268233606
351.1827335537556,339.9143411491996,35.98357732144011
-889.91380504132,-706.8636153175235,-653.3263879378729
-632.3952725601748,-676.5693892857362,-938.9560657084531
-186.60832274601535,-106.56824353858167,-495.57947065261277
-731.9170314799974,-533.0435251761943,-982.1870857942521
997.3834165924874,368.96872464851657,425.5599219863493
288.3614799005613,587.6543617120998,207.18661344933173
-913.5168717525487,-322.77276103471604,-238.69357643956016
-280.8578203036435,-682.2137745246866,-91.36665578495638
-994.4535877623398,-143.0205995862982,-775.444090651352
-905.4477587347249,-996.3787192453719,-688.4691590889024
-214.7687849021438,-844.8593962161198,-787.034182908054
-675.8127757872514,-818.9537660917808,-243.34772573349414
514.6165579976141,530.0098392749367,630.334405552737
654.6493871485427,374.66814142873056,639.1754425541268
934.6662098013563,745.0897434732593,872.1894246948827
-368.8413137575337,-524.1538253093165,-557.8695148201907
739.3414817006727,970.055681790161,578.8934183261515
186.31771096865006,991.3470002443636,872.2110639119345
-333.5174495371152,-689.8809218850645,-421.66121210110623
522.9086686882356,142.0226151454659,890.9910698825819
867.499932443246,492.2027206784441,578.9812981641759
-759.3951964294815,-260.99586639319807,-248.97990122587362
193.15136307619255,164.68062119053658,685.766826101144
149.67474080273345,453.52378356016163,617.8156801597341
-849.1624097871521,-434.70064259631874,-491.42481006575724
-259.2386539011752,-400.5225559358229,4.584567108039437
876.1023893554644,835.1259576321293,209.16745562951965
472.97646542836287,20.022495132834862,850.969451452813
351.78646332043775,654.2490519412294,918.8655306634647
-411.70798368490455,-457.07146117902516,-392.7440846793073
972.9396575854009,25.01486636395823,307.59998605360147
321.2320019434664,559.9156394540474,566.7889135553937
571.1552094144965,411.01008793795,341.30341764608806
-34.21023514869296,-140.01148761422905,-328.9562890757146
-579.9481477820073,-270.3294260143017,-640.9022005937579
9.380661238256653,316.65533391144277,898.4375627502799
156.74284977103423,550.68293651411,313.127162205552
-978.7690785302269,-315.01862891670396,-252.34698840209433
480.1645124496619,511.6365656898347,735.4930813967276
-997.0567934491618,-833.5676461623477,-476.52955847372425
518.6602501877372,95.12583652889654,333.17446853518373
-216.6313694864932,-332.97545143480033,-896.8804626494486
-384.0153817807251,-958.2682728129739,-795.813537792609
-800.7745889722697,-306.541073744325,-744.7449580359544
-558.1355039875153,-977.5943799819636,-889.8910666437828
325.66281327867097,31.887282377289814,180.0147391776015
-766.8990939626149,-533.8492654016185,-666.4658233275578
997.7496588111516,709.8939462427073,179.53987268126957
-873.7373331758912,-845.8905666058868,-985.1411287889447
-485.8555794348806,-127.91524962522317,-141.50563919467822
-752.6382608906127,-633.4350122148155,-299.26745575971904
24.76132748052799,939.8093358207351,544.7939351965811
-133.13563465354764,-470.4874869116811,-916.9263628878415
-810.0629727247365,-473.39528256546214,-495.4798385885919
-763.0862659504813,-117.17534901696365,-477.4122308536188
131.19817619654282,650.8230768356271,938.7140616095336
812.4876500641757,263.5698255413343,811.019921358896
17.65427326297065,325.23169875750284,385.0462743920368
-37.82438752510154,-617.1218910454534,-785.3197902506242
-568.6130741914211,-299.1015817788872,-82.65222248491159
85.56091747461517,122.22355474163876,706.9023807364271
-997.4061414202212,-489.21587485423896,-603.3822117104852
-688.5277074294696,-429.9477438804005,-827.1959024109794
-577.9600366539946,-147.3793580007366,-453.117498263132
705.285925431894,346.7923784097927,245.1995236564117
493.7220760236149,360.12089843493726,787.1133714136959
-280.3912738002931,-854.8751947155251,-721.9271181385288
-709.2027857110489,-872.9674875087707,-871.9203452403153
-525.1588614372332,-752.0438687471915,-269.94817308372546
-23.577521100567083,-247.154730328092,-29.51414441919212
-406.83441679400494,-972.934650224319,-418.61720466514817
-13.50759560031645,-133.44086112325238,-965.3285600253556
728.4018629014223,679.1213307406211,62.93775832394296
124.47193438928218,864.8619906213111,568.5098044453164
277.154730387643,410.4500143910286,461.03372347464693
51.41603120815527,522.4112081175082,99.09870663763368
-789.631658350191,-562.24734092463,-97.76180508417599
-104.7810925631436,-871.3504560378892,-245.56400977394628
213.25388217902236,250.2051884880285,727.8057895593502
-998.7559538996956,-990.9404373022381,-631.708461101136
384.9204886519102,139.719376732257,683.5973842958651
705.7278277190029,239.83621848297489,473.55271498763074
211.0410971378566,60.40026961757066,320.36717594304736
-609.2132284642595,-319.5701190311901,-439.4194075879584
-375.0812835539857,-640.60545664193,-929.9185920791172
-906.1891631681651,-439.21633784123696,-87.77836872837327
928.3322799196158,469.6143842335565,131.56240363613185
368.0322487018674,876.6900072609124,990.5965740705514
-586.6618246802404,-101.5219190428079,-649.1210471611303
187.54404428754492,64.95734790347554,445.16795176491456
287.05930542629227,420.6394729925725,18.767302366747845
-286.5382114936515,-121.15857096869183,-56.581769742667575
-38.78612179102174,-452.85077255833335,-819.8663725123133
-510.6158412114808,-6.0383914106297425,-0.004622549770033402
964.4257689652428,468.1132998360772,74.52176620267775
371.0441418953848,659.6797694088611,138.88881967809272
-576.4131827894801,-760.2840994702933,-206.98549002976654
-416.54393533359314,-473.2168567846629,-821.1488316668251
547.44033587553,438.7860677127479,717.2844449899528
273.71328032808276,767.1246034016532,569.5916998961661
-907.411583849053,-589.3445889324314,-64.9538810451985
-395.94428605408166,-89.18942103746679,-357.7839790822351
-984.9425521998797,-586.5682713284501,-488.44852758338357
-406.2415771704059,-974.4664591942371,-924.9943567098296
710.6598080146881,773.2252005531091,422.6415211241449
361.90747701055096,252.21803036457547,424.0820513420967
360.0488704353386,76.0352131805166,663.4777682015647
852.7561434032996,515.1489531345272,919.9771690722382
635.0885666380312,879.4986527500233,480.95005912463864
661.9928190623309,591.4802356658275,747.2766910878171
446.7500220682836,96.98763286465407,98.87859873291231
834.4171248891846,608.5375029386664,319.7162066824375
-124.3313179728085,-220.87540313457248,-421.21737284770563
-39.299085408162114,-557.057568651885,-624.9184847277193
-1.6391028745902165,164.53584154655883,28.301026125479808
711.8317727878203,220.9593461674682,52.76727482456961
544.2729216018481,502.53339444971414,975.9125233377508
-195.79767835789676,-71.64317772412676,-185.12526977142295
-304.3119877470393,-464.9570339449617,-182.71882174681582
344.4303598180147,592.674873643906,844.0467336560442
-490.37944386969934,-688.0528730458084,-814.7434158209107
57.34436814545744,86.72956028347743,484.8110366285897
-906.6898678548114,-324.09719705453824,-782.7650771102183
-504.4470795240702,-134.10480150285628,-236.6069289305658
965.3368823425365,892.0087755321338,412.51096487688
-830.3020973214858,-245.40098513003727,-514.167479166495
105.1695205829566,255.09850920456,878.6865616494163
41.64424837076035,834.2520179016337,312.90301608127106
655.1592956517621,788.1013222627615,618.8063116920773
-837.2877910024574,-197.11139481975727,-68.47334866698554
-521.1934988131522,-561.1026241413715,-75.35333411039699
-296.290425846155,-348.75752389733157,-29.596780970285863
452.931281860614,647.482751923773,136.97225974793525
-848.0749674913212,-562.6239994067894,-34.89512434276605
228.3045682196063,518.602247756265,343.9626045967766
985.9792173660293,16.17609522632945,986.3681329985699
-569.9416185202681,-735.9861222865036,-60.939560895167006
-933.09287921129,-762.5251129708945,-733.7379781174657
-874.1821550512196,-744.2827460005094,-474.2492867359099
-223.23658299098122,-373.02531138028826,-206.8352243620618
961.6598727649375,578.9833115898988,751.5167788958996
776.4418108044727,936.3075320134894,200.0134307507558
-836.5183593014392,-506.2600367776734,-703.6033495252807
-560.4118419093054,-500.8209184745532,-667.4174861369229
379.51010961721255,56.23842524683659,265.9344903439533
-259.5928162108787,-142.77896069035808,-80.09102831231371
-403.3922505391728,-10.712333299256898,-506.4479772117609
-516.9753036972664,-457.3029537912191,-857.0631926786625
256.36719726394836,612.2968791590661,192.64051845882787
-14.800899634920029,-982.3363006973666,-165.58432784700767
-303.5533903912225,-397.7026142600107,-746.8682048766368
569.035724590758,319.914192522269,68.17649408227955
725.9812200383972,57.458818368297635,96.8203338355582
428.85406441720716,548.6884652861139,304.7473895043459
755.1801433822217,839.4387465477611,642.6026552539091
-728.3302805176463,-802.7552144343227,-837.7496554120587
-980.2620400175725,-114.74582928026564,-106.97292929611763
626.3852028748908,709.1701663283593,181.0154439942268
170.28418764505332,749.2575968820681,676.1736115234202
797.7705785085741,558.1805990863305,31.625210588331207
-220.14141358470806,-823.5332121397844,-752.9633878581
665.28319294164,405.0794905144095,987.4497318311759
-413.2965986060093,-936.8856416239156,-589.1664248276852
-718.7196635208622,-249.45287531470865,-4.750720015827596
-170.9956669577499,-121.16780309607077,-678.3081164143841
681.5351426713693,360.59563548473153,430.82480328043573
-594.3529567958512,-959.1207568893575,-410.1934801377497
291.5499275530761,118.68177136053819,502.3248141137398
816.9681824155905,251.1509743711686,793.9344142103099
214.70866728766578,787.6970249996667,804.2485102272111
-91.92452137915552,-503.11765467552146,-419.2440863792863
-644.422277068112,-908.7844862348261,-286.1055566629933
-808.8073185220767,-793.5302559856849,-462.6167448413944
52.149811125632034,416.50508446934987,356.8500096601456
951.3407973433715,505.45334422948554,529.9557192388443
-670.834799607637,-237.43937963757742,-913.9649196795956
-282.2745494884018,-18.824857921654143,-149.6040738691339
-431.4950208803368,-923.7502423343088,-931.772868971731
-33.41903589561639,-971.2825705429824,-377.68714662871685
-940.2038449347234,-621.611338759767,-140.38776206654393
-171.85309915363337,-15.416557411195413,-25.388983164991487
-406.9406752245467,-184.23613087836827,-72.917281012937
-662.8394344737841,-102.20530185128985,-827.5349889079147
665.9072491948544,935.7560152848735,93.90442433674751
689.0231872308876,758.1606231532716,113.58739368235956
210.01831296758985,827.7846676432008,520.811642311575
-512.6826444922131,-901.5850744062851,-289.7798554436323
-295.85243660918275,-533.5007878037255,4.911910044478077
-68.51160647452673,-909.5331975365433,-786.6589253708087
720.7432226165207,738.9033489132108,488.29273593138026
998.6161023830169,668.3595007879403,461.04260671864756
769.1920022944565,524.6780176471799,652.6214765331888
-480.3080293304664,-282.3292929299081,-568.0693297950854
-125.3947731663111,-802.1946876525025,-689.8639135780131
-377.47215815357913,-205.75499222438395,-211.0911331498878
968.1185220310388,734.0242874635526,904.4310232902931
105.87200048679554,210.18131352501138,213.66910717460786
-879.4479465566247,-335.3503738928589,-395.4770438091915
-962.3742883594298,-556.2368815125,-632.8267944675749
246.90595937151804,43.368315585590814,752.1630001795406
798.4479325287364,828.636444466868,542.0514075236056
898.7357137466536,786.7163757941888,833.7874977047605
-721.9392728184691,-604.0352394738902,-483.18213025400905
210.0576621783988,846.0003526594909,410.9644884106036
212.60949258364232,599.0188851823456,798.9439206162536
403.0852367029526,249.65559508581944,184.29376385232217
-982.5642289379795,-239.948848084568,-320.7150362308189
-182.562166592062,-121.46995318336758,-432.8536039010394
-31.338826897913464,-607.1849626924144,-933.4573002143909
-603.5181058633718,-989.1381510210549,-346.3360903445216
-84.18966619081016,-190.0695445084416,-829.790178250572
874.1635585282312,943.7220669944137,994.6459171915037
542.3220132095257,713.243061495823,534.9242172962896
-357.4246105889482,-196.32942116996276,-456.31035032023
308.6634580988744,592.4735765837729,718.1492748066062
-346.0048166276043,-452.92291793652794,-780.6178029825513
779.5282770720545,468.1425118943157,377.48881794476995
-882.8870519850543,-561.8907020051356,-250.20946465219072
-357.0540923400521,-706.2886140517439,-711.5267891537446
522.2304547866415,226.67727344242135,208.83801747800706
988.5712405296497,536.4338175051209,113.90925167815367
-913.1062003844853,-326.95629298773156,-609.5124909602746
-422.0157026266778,-625.8566787194659,-376.6907133612691
222.91827546319834,925.7565773253507,451.904335821644
944.6160071432724,270.8970243809001,731.3121419887767
-784.9326391698108,-691.6527525537526,-568.7081201223189
-116.83840890253396,-36.94414193847865,-443.96603440339493
-459.1644546527906,-335.4529776303074,-300.52877690780736
-573.2445074505258,-582.4991273259277,-839.2636992267408
-764.5119020184221,-236.33371082152541,-150.39572655624875
323.3610484657729,267.0587952840021,384.28922379333653
-273.3931910865308,-777.9958740512095,-135.26604961669966
71.52259408727159,650.7845379739505,538.11576237666
-445.05454347424825,-643.7786886833783,-277.8739173571174
-923.4305084880219,-218.52760171248087,-749.7331474976781
705.0617418679265,841.7593615244242,255.9722788800811
785.9896055871748,402.29867913461015,32.12481220563984
-354.50051634905265,-811.3878358633735,-299.3225997732843
737.6345974961145,408.34898540766414,630.4649764983026
-268.4241791187095,-765.0308999524434,-991.8787436924944
-658.9313920712355,-358.52655676259644,-973.8839511689441
-915.0091023630955,-473.9879571068104,-627.4320367813575
-664.8903612289397,-459.3822999868428,-485.7224912547126
-724.4336840474566,-227.68945822408966,-680.9229928940316
-804.7694558643302,-673.7883316709588,-879.7510895193823
-279.47544927226363,-425.70314759467965,-220.80629553978144
-701.2184610143888,-157.5885522642168,-171.61543863795418
-834.2520347390243,-512.6774431434852,-84.75534749927954
-280.41536422076103,-807.7749500611443,-516.2012209352158
-696.538395302266,-476.69908511785945,-846.2696654876711
698.1962027508494,818.2250084711034,246.2659187913006
273.1780970511633,205.48952480185238,900.1273609118575
711.0116409786796,999.9120555750801,650.9571262092621
-332.2937511295813,-280.2527731444028,-187.0790868246171
133.70361625118318,876.0010980133625,181.31180896128228
-295.9623531691228,-242.66035992240108,-636.2683193579751
568.6689788837778,835.9307374349819,767.2963853270082
-729.9046397021323,-208.56510348893107,-723.7262567123585
-638.1359135471732,-742.9060804806429,-519.9759640543695
-368.5455276101428,-821.4487124147962,-355.4948798958411
965.4157671012371,293.8540550454044,194.28811776453912
216.61355366318642,774.5622859220903,873.1702984335589
-215.91060787775837,-336.2709518480086,-267.2264210884422
412.6718395329313,571.5155595514819,850.1618636858234
503.449963859514,482.8975363563803,104.41348253074052
311.115594235393,24.05795986622823,261.6451443577227
-571.3804176625503,-405.1967102735507,-623.963667903912
93.28685635531818,139.70657012307998,895.2034639981634
781.7644398098679,364.6039176437235,956.6641985154187
-541.7222858367263,-889.5033556116858,-421.2436118419455
-766.9615033275201,-723.383811912096,-3.3699963054239106
276.3646589689946,375.7101221333503,811.4710507388195
188.69970806915052,214.40986500792883,782.0135993257616
-633.5846613619442,-892.9224929270551,-695.9234139449803
378.41831428547596,845.4759566131611,449.3413086042193
-570.3047122856083,-624.2391917079308,-808.1998553637128
-948.6323812882141,-379.9311668517114,-593.3198317949785
663.9949195176441,934.0764654330411,554.7812260745834
875.9042212491844,607.7332484691509,766.7119154209265
47.321764822028754,623.5380269331716,199.75786991251874
346.95107344176205,517.2964716082696,412.6611821194233
465.83986307181516,196.23465515646734,205.43382732076742
-479.21052293503476,-167.3493365953408,-557.8035780413024
356.296671727277,896.2117373215965,225.35215457185686
-979.5752006521792,-433.8484096742536,-301.7700069721694
774.9814421449091,521.7345974634111,881.740000976991
-755.9320469472962,-938.4805421942935,-251.0225325956161
106.04440179462951,616.8628987984811,548.83873678873
-462.30455480179,-472.6619729119419,-867.638616453843
-985.4156559850812,-731.5502926167794,-135.01765364806909
386.33170748506046,596.8842772468429,244.0762602571063
-180.56457198237717,-358.464286555394,-134.4657947456002
599.5448407440125,289.87381181752045,394.40214749603876
-6.882377657404163,-743.0212751998404,-803.847631642495
-382.2773441770179,-361.9295742383649,-868.6712400077328
-175.66997912052523,-115.02319619080652,-268.5621287661186
-824.3439759619994,-209.07543443683267,-213.81246644727105
294.4062652505177,340.52972218042424,210.3168055095086
511.07756897625075,524.8949803546373,793.4596807142503
48.74756304467083,979.696649380591,682.7133414884953
-237.6623645495422,-84.85112747230642,-223.60746823368777
11.336293143068517,854.2086915502233,540.6906211544505
339.01693163451625,942.3701884214607,620.3724016907967
-891.1242582355599,-629.2326586636209,-720.405690461238
-518.857220250175,-264.15683852895984,-377.1021254697515
-822.4133636769143,-268.25895853335464,-75.5496361717295
-318.9266241478932,-772.0617089880537,-577.5962286416078
444.2495107731813,60.179486053019005,110.46180766263267
992.2068050245085,938.9483361571973,24.012553347545605
347.58515593677305,451.1000909389983,273.7484029897357
858.3902484547771,917.7237278895191,814.5188907973339
-502.6568660190906,-521.3959060450761,-265.4497375548202
-142.36697005062138,-775.1225370168842,-373.9162004774165
-867.5386442635917,-254.49170187852485,-177.4750124854462
-67.14232427799391,-817.5330668638486,-853.0145930721359
-906.1402822862295,-142.3652653024966,-540.7078355864229
385.9143069240261,661.8168349925535,545.234995275288
-594.5732532307236,-936.6303950522698,-765.6503096915844
370.17945565723784,539.3101355321422,561.9861378997497
38.142571100118495,459.18045331173965,949.0276310706408
-384.4417362743201,-989.0650163235853,-950.7985831084912
959.3441929258867,543.2519040922181,450.6096503186002
-985.9567482565083,-476.2677062770796,-950.0786731461315
229.38620081994426,121.74191553036978,736.6483945610056
-176.15748055917913,-172.21105575740205,-844.7309690892962
958.8666964180809,548.1976319966552,882.6657208951639
-101.36388803494685,-830.9644485537865,-7.336972799403156
-623.701954896765,-891.1583214012471,-524.1324966279955
-469.6353540999937,-757.2696480060042,-790.1344754668144
648.4138974254197,625.8740727036536,31.96270228801806
314.83186492926586,505.7354469016914,69.52184904703037
-602.6507870527921,-10.959246530906398,-850.6327139464845
861.3142099918914,941.1765028803453,635.6743098262
-644.9338842896939,-559.3060050221177,-912.9724871774739
-340.16024769792864,-203.39059740292555,-897.5049137525856
779.1712415952493,106.9322038731435,491.10644093807343
-693.0945535465175,-280.7442403732315,-1.22476552229125
718.9241338941018,573.8158056776177,372.628345793216
-90.39708881878755,-64.91614423993735,-101.5208813849307
986.8028775075475,27.81112086360653,722.3039652244858
-671.4594214257565,-956.1846622673163,-791.9360037002494
-967.9734332902459,-324.8395276982601,-519.5747463070827
-502.53893655474104,-178.59701303472536,-33.605562875206715
-899.1772292892897,-22.757011462823243,-808.4250845706374
-531.9882006434559,-78.03796485638281,-620.7432684317786
-564.9081947233713,-684.9647207307592,-872.4247599731241
238.79749517274416,667.0657091681165,198.80839118924007
-871.2291603799509,-358.2921974423299,-672.7792849406553
-987.0564838187935,-27.09527661196273,-480.8280218572646
-928.4591255072535,-638.2062403525932,-445.20109653602253
722.2401658761645,387.580080007464,547.4452394917743
380.4569968234392,406.355099596144,384.3077638679758
739.8376788265474,840.1885985779975,795.9666006918817
-841.410102614745,-276.4319571855432,-715.4821731240615
-456.43202028970916,-351.8925181118634,-422.18142785173893
622.8180284356149,983.6063978274847,332.81900217085496
-232.23330209215123,-469.14231884349215,-481.50756649159905
526.7702758795092,885.872279563629,535.961315704102
18.231601190816892,427.17068603601666,461.0273666527309
73.65859936492996,551.6084761038597,998.5061253457566
-162.8330272263139,-296.58081972395485,-578.9979038325505
-337.94533030025207,-606.2079549425973,-11.352809176553137
753.0051244241151,306.85115438092964,707.0267901621288
-687.8171025694685,-725.5478833276293,-700.7347183773943
768.9689258225219,568.8229955571062,686.4304873534061
-168.376138635169,-218.54616768120695,-675.4938432124562
237.4462941702234,267.66086002720004,42.632081210971535
-503.3807060179401,-243.38483327039717,-199.84392888253376
-168.29941947803377,-672.7000313551628,-592.5746912170605
-576.7219102306973,-213.59855254218905,-546.1055825425449
-38.474334999960774,-739.5284384994854,-562.5088621738926
-17.91213324798548,-500.0630864593679,-283.75742491932533
577.8830765943188,545.0915214190777,616.1690840037959
140.39822874945054,733.0556440545926,699.9303930879298
477.2909436408967,674.015336495227,345.3447711737541
827.8264647908883,948.547820863475,958.2714069848744
-766.1818356329362,-696.780982614313,-166.29600955278772
-971.2756426462535,-143.86680529481043,-573.156049275741
340.50061215887797,428.9448627558172,806.2223512070166
-654.6283221681524,-732.3381650084771,-881.0221421407288
863.4009633870138,722.5051471834046,699.2187434571829
-425.2175899844385,-857.1120075467028,-355.9418340782455
-223.1853709855153,-248.71449159624603,-474.14777063729207
-477.33860914164677,-814.0978025238346,-741.0695550007179
-703.157516875636,-119.65451267204048,-53.874552421411295
218.64652926552787,30.343682111415294,594.2960840036102
-272.5490813660482,-691.9389727820205,-515.2172366998321
884.2720189998583,943.5726262313588,699.1079342648673
272.09769568460746,74.65817554138927,825.7617297378818
464.4670170333581,177.80600096795476,737.4513223554607
-847.0530437208392,-790.390775852627,-437.753634081026
-852.5963417833663,-505.3317310501272,-486.9032062099445
214.57394002634507,509.9690160665742,697.226822278545
-277.1231036866634,-416.78543054545094,-223.70235548307983
-788.7667083752564,-494.6414632221896,-853.9941059965012
412.01978051194993,128.51194795447446,996.0828363368803
-72.98998636443787,-121.7777099905071,-428.643480492669
810.5259371615391,881.0322701729833,447.22344630640555
162.37022678308907,23.75867911449932,413.0915423113593
-320.8007427887849,-47.49668110374364,-379.2271900171289
-633.6324612744097,-454.777711313856,-187.3786210954023
313.72712800434846,736.758838474377,186.35641274263813
-232.9914339480115,-88.6039225303391,-354.99191942631046
178.47148183267944,488.51742740293,190.72519845182595
-242.37732164561726,-846.5865462995207,-323.00411698747405
-463.98894520134434,-202.48575929292508,-904.1018799410452
643.1177683433107,966.9805143824856,502.396792718447
-139.29597725983172,-264.36221127637464,-910.9327993913571
346.16144181771364,714.6671114518596,693.4685121875208
-751.0464664884645,-243.9499124988772,-571.8287579420715
212.0486431068485,292.64733028333006,549.6813181960141
492.3381843455737,107.36980387484668,883.3995955708544
913.0275343322434,663.9910267138468,441.91996909323643
568.5015255971654,772.8812623999626,238.64588180404152
265.22383586901054,7.596613606796385,24.372188317504992
599.9184459744622,722.2023343290344,430.194813317877
-920.768945199125,-56.93860738733281,-902.8872865264713
-175.41032561409963,-690.3537502654567,-957.7552856105455
163.0688207967651,671.7362324634546,135.6876714031657
772.6852879504593,830.6548903311752,594.5448266719832
3.5038999920849756,853.0111040529323,296.9927811773949
-640.0514501575428,-749.4354680077965,-951.9332339241292
144.80821531313288,70.14518416332733,737.3427955110802
980.2994192299259,766.5369472461306,331.23067942343505
-706.7763575737209,-122.89356492582908,-197.37995765442724
77.03341325514147,67.10186686918104,915.7771447629424
-567.3781564687736,-723.7866612165064,-110.30544862129489
-137.61277713399636,-484.53696010599697,-995.8523118175142
950.5712138036866,699.2151872675047,832.5138397986083
312.5037896025754,915.5473310239795,172.95683158780193
-722.0558079375963,-634.8716943787864,-531.7950675828956
-582.2910665283923,-70.07048168143251,-176.742435150917
70.88080311738547,392.64480234264295,605.0987825361003
-852.1384484068524,-907.4092319220767,-622.56784306566
-720.5848304919348,-146.17940998661163,-357.175744547426
814.9330794418373,581.2042882700334,657.6093059621551
477.0675304810398,924.6461757690025,950.0148522722651
171.6562659699486,527.8846276716309,441.272788280969
-757.9772446811444,-703.4307660284013,-109.01246662506912
726.3209529435513,757.6955375634849,480.6457793782934
654.3409518032108,961.1501611408399,217.92663159573823
-115.86005544972261,-252.56379464457143,-397.2524222464971
-352.28021574105674,-196.10512424651665,6.155068625487274
-584.8469321297657,-672.5567889393457,-887.8235985862921
-273.52293553790173,-589.3941836801173,-895.1053641505148
477.1387090034472,137.84256067518572,509.75743352828846
336.38409463331425,693.5373170842663,906.3441325269017
-148.21352117815036,-30.41169033929532,-158.57115618587068
396.1090919599451,276.52142799415964,205.60713563039417
936.6542007209849,929.7755433254504,203.09366889482348
827.447476057268,43.73839923559257,868.618892726037
-366.2963377196313,-921.6928700427437,-23.919507017346405
-814.3018270880959,-791.9540368400995,-491.10343817658077
68.51128671480183,682.429583984555,513.4937012968176
-16.075019307698994,-808.8194559885025,-817.3438501126763
992.0343072007083,516.2890647684866,112.11608367714364
-680.2553285186518,-605.3577919674178,-563.4382182613172
-645.4574053240135,-60.60871593021636,-265.95275076919984
-920.5644794368636,-955.4688380962116,-436.28306713403924
415.36568420572866,177.08823775930182,481.40849496339666
347.0551688780588,246.9237146204973,579.7929239788365
146.15225986536015,578.6710668825447,527.01909498695
648.9211955813091,412.53191985442794,289.2369778893591
-479.52888644101586,-665.7112534094729,-284.3273633435472
-142.08179024599622,-247.57392051835996,-637.1694371218332
-444.56499965596595,-527.9848301654088,-718.4445202506381
-908.2897254449001,-447.9975222453495,-964.4222949138535
-958.1452881747233,-876.1887750746627,-270.00289347419107
268.34279873492886,542.4119895249574,989.553257795211
-415.0658572785502,-602.7875124711754,-332.41060700869525
301.40198977370636,829.241857009121,883.0323836817407
-792.1757503565631,-960.3975945782519,-472.55465290888355
973.7665801793241,546.6822206672708,98.78803388572743
-906.0515185088013,-564.7018962473624,-367.09894511645905
-205.0329682498358,-262.48918104642314,-310.9437824089779
-348.16908573699857,-522.3925777586123,-695.4566708681958
-880.3517082707783,-687.5115234848756,-231.1049175956931
-16.553203086874987,-169.15962805728202,-742.7394231559867
-956.5254090949489,-223.95369631866834,-462.0900413233853
-365.4069767371882,-334.58194476083554,-672.1856722112872
965.8698359700478,53.19550837815532,480.1602803522789
127.20632272338005,160.88692939455808,656.1297669279317
-422.26060622980094,-226.73396658035563,-650.8446621510498
605.388554140428,215.89587500333488,427.85542374821307
-744.5498669728839,-546.5011388750308,-87.42624074003504
-154.95610909962852,-585.8201046196791,-419.0766951042808
289.8137346716187,454.4229724782904,945.404939895113
557.852337374854,992.661859703747,587.2998923771977
169.9968860690309,468.3764546553331,23.39771245783402
149.92236846465707,577.1589416357032,170.13336181317047
-447.2255511679666,-48.03494530156593,-510.6658976859637
-91.26702627730515,-516.2100753973775,-781.8511736770884
282.3643229762512,324.6388488065859,400.310748812628
-500.58725798802527,-586.0984328471739,-264.771297024094
923.0563544746158,182.21599271989314,329.7212282888093
-260.3112746508997,-589.5419423437002,-90.95590069181333
-66.25834273070177,-90.83555163213396,-987.8499807340185
974.0074774127652,363.90185713574806,117.67206629071093
-544.0206362757298,-877.7253425738893,-15.125076963860465
-598.0996073054707,-66.65056631226173,-350.41788559773534
635.5832484091655,597.5646781357423,122.5226812806389
-829.0663544367712,-791.7293541433069,-752.3052724300712
671.52906034582,172.37207398716902,919.3642448941035
-230.69009808067597,-108.12222473121483,-253.0490833675168
263.87738628813884,554.1026381768067,841.267383326487
-207.68351270605444,-846.118058430596,-891.0172742919442
31.104174943319492,832.0946089012147,641.9882017777986
-974.161000741987,-912.6094210262227,-734.4086986972425
-87.50710420990856,-616.4973705724162,-902.632841988591
-713.4825319817255,-954.1757916871488,-700.9077483069425
-640.8016788863937,-641.878351157957,-949.722604110136
205.93070941413225,539.5254007414179,255.79456838051672
-666.7773503406031,-883.8312415120241,-900.5002566445122
-934.4288168448924,-702.7123634658678,-919.8916158517055
11.041683473115995,216.65212379551096,170.47066086940427
718.0803424071195,751.3676191660198,277.4238447858458
260.7576297202324,701.3584057697273,272.10025703615304
471.38807166088725,144.68694492270694,281.7453844170062
-192.6664101606101,-697.4827073636634,-97.34908590086434
-905.4851695836986,-748.2565291705455,-67.84015539027268
-677.5833253135552,-159.81375377497113,-968.3488410125192
922.165126096206,121.51948020026025,550.9176058578834
296.85253962970427,762.9617729593712,756.1390905440182
801.821882847715,31.44656178555534,491.7370378146923
780.7084515864624,494.1088127916006,991.6683504779476
-476.02233781244877,-640.4659763043151,-153.50200452460592
-281.60375706323316,-836.3286775896449,-266.6263765512965
657.2099004154878,638.5647029761454,53.594867372257454
-853.0230624267956,-699.9886994570826,-934.7224049910542
332.68034510263453,252.59911845344803,868.1396553745569
-77.28852253933462,-809.0240278537552,-606.9785329534063
-482.22607736820055,-703.2482595407134,-580.1385399821912
678.2716707152968,573.16324953098,566.0752963688064
457.6406082886094,12.221957211098623,91.21377355916258
4.247951660461318,412.56768534045756,472.42497777964996
-965.6220503702815,-681.1147615144463,-793.1349761391202
685.9538552419205,190.6731523784477,252.68576546636191
558.364393086002,839.0564216238249,199.32853817485153
-139.38330021430306,-15.274303966513457,-586.1818904557861
540.0856279355871,710.7507697529742,518.2335946622031
-738.250608345421,-80.17496145669179,-390.7241970818004
-849.4651460812519,-355.56513710030913,-264.84748992048526
-115.20920797787949,-572.4802604930921,-583.0404546547635
602.0404037257446,293.56859654135604,445.28691573480785
-252.49830903995917,-787.8894819633477,-908.8265116963836
-192.75487683650454,-479.7427042494129,-261.42251913093673
54.58060806021076,699.5724363590997,384.53966200831957
-688.2450125253853,-303.94686557522436,-997.5005495207713
-188.50658662956096,-709.4845268590902,-850.1874035804217
96.65633214362748,202.88440473389153,838.5238199092804
