X,Y,Z
-3.7459781804449763,-3.701776961401543,13.285184548905512
-3.6268689336779576,0.33786274383734316,9.267909133692232
-2.472787465409085,-0.11604913802437533,12.153131251552976
-1.3509399684725625,-1.4706525594503335,10.66402400026589
-3.5122423109909375,-4.571850452590125,13.981518460981185
-3.882792023429547,-4.752954682238747,10.030107318091037
-3.3029177013916686,1.6840973498446594,13.048323368503631
-1.324367845491734,-3.1258149848960324,12.285136628715016
-3.3744862513526614,4.011688330219837,10.181617748320052
-3.3600075163131864,-3.6078975318426734,12.287267345006747
-3.1299817053144205,5.321322226364279,13.535881658259893
-1.2068065780470687,1.7978662419157407,12.779763342826294
-1.2659203587358974,5.441846295487451,9.818081303754886
-1.2054608208428665,3.6328948279831472,10.27630645371503
-3.6703485887070966,-1.9519379391478884,11.007432019588748
-2.3675830485610296,-3.610374524320143,8.430036857449092
-3.7277592077941537,1.7390983916934282,13.910260593324024
-3.006287554013262,0.2109497066564856,11.338908712404212
-0.6707898307782267,0.5480813545441681,13.26794256013415
-3.966931341219981,-3.6979745346120194,11.821186703601226
-1.5909878698224835,0.3528563486844689,11.693991050530595
-0.9356503417152489,-3.3339718148815702,9.141122744462585
-3.130978605695721,5.547416919741762,9.436612563847179
-1.634339740975506,2.945647284927415,13.972690528187632
-2.509353979380791,1.4585301519378815,8.449359130263037
-2.9873915375785747,-3.153621590158679,12.078605266927621
-1.750288780289412,1.6808208197729257,8.674037194769708
-3.656488970653669,5.650368698942872,11.148363254295157
-2.7831288342233247,-0.0914642026967778,13.611836306085124
-0.8783349092619308,-3.109449026600619,10.025581108915501
-1.3770835342942491,3.874689575897479,10.234839491138505
-0.9900368475315195,-0.5861811204334932,11.404430342945227
-3.8884899990549116,4.583283168761657,11.900741109212277
-0.5056627809072065,-1.285450515974202,13.26103444252141
-1.9326809725563545,4.783762763985342,9.659375838347568
-1.153207927587244,-3.909691932632436,13.774636445876105
-2.568811718563793,1.5420075635864512,12.114982982671698
-2.5051381245996565,0.5841403513303733,9.41182406328596
-0.7466944710414198,-2.125734015800028,9.79238737648361
-1.2648317543712553,-3.3807928878582243,11.63069602059493
-2.0777410845807496,-4.42723044738965,13.30958167432058
-0.6867418408821857,-4.183714543479615,11.456213767246437
-2.5019048840433853,3.5883058004547745,12.727680068185228
-3.0222370676572723,3.961590814707275,10.754626680084398
-0.9187963497886718,5.112901108612231,10.650294460361177
-2.6120161732601495,-1.5730152280666743,9.444880556460856
-2.1002302871524297,-1.9282018920479973,11.838424994050975
-1.6479874102915821,-0.06844206131370711,13.09593721921322
-2.41692191619433,-3.554100053331741,13.70377191193205
-1.4443107245404159,-3.9198500289753184,13.018737844077869
-3.093399292280338,0.5000739956195055,13.779935760104205
-2.4514976071691557,-1.4962507413894013,9.744218059294543
-3.768190441162846,4.856828509515763,9.987562206456595
-3.973671336532989,4.912877153412939,9.846925542828032
-2.510945380392039,2.2762629098325,13.327453428480599
-2.7011507038418285,1.5009597206093845,14.027272465842362
-2.5020853446556477,-1.1993746637008145,12.790695555967213
-3.4701504458038923,-0.5333433684678202,8.906830665126316
-1.9443293055940885,-1.511641156375434,9.056829827434287
-3.4655970463465766,-1.0130292895290243,11.043889496452989
-3.9651742327246975,-0.673244154565162,9.533087272061977
-3.8182072165927923,4.199914649047626,14.11035755478672
-1.214076727385193,-2.2347974626637934,12.648227922703441
-1.4241777589802775,1.3865968803135216,9.175360151313399
-3.5764770836663744,-2.779705627960293,10.84504554472675
-2.9642045187577026,-4.699244539445268,13.133225485473764
-1.5370426477554773,-4.0785461292801415,9.12786678806378
-0.950736099770106,1.1220537780350215,11.832323095926704
-1.3737034647470305,-4.046801443091663,9.091694486855202
-3.7565375392001723,-0.6213429700700797,13.90139688579537
-2.3599395938090804,3.619024576550558,10.902582506409484
-1.6914848654407182,-4.662111213760633,12.984476362349675
-1.7062066817961359,-0.6695225138968786,8.542629895299605
-2.6157043764214283,-1.2397041008252176,12.744314754422167
-3.2925095884982376,-2.328186294461576,11.680762309898785
-3.038245908243339,-3.0975689412399676,12.296479980204458
-2.2299266766617167,-4.8770429599167775,11.17472832836451
-2.1411478374837944,-3.0212465438062273,8.58663614418575
-1.1823715241047683,1.4177082957751441,10.55407276160317
-2.613322915018319,3.830082769721633,8.367543271531652
-2.1177501949366127,3.6687551456177534,12.859173439086458
-0.7778666650481565,4.1840886066446625,8.89948575120034
-2.0179506190093663,5.446263051420493,13.347611452404667
-2.630690602590766,2.8642319582140745,12.33664803744913
-0.8140743657945921,5.267304199765086,12.44808336038641
-2.1761213786296767,5.280398535771084,11.661905081698986
-1.1185976447552761,-2.3308756779781405,9.964383845505127
-3.080294082298887,-4.581833882966207,12.98859924396844
-2.751414057411674,4.699281375303382,12.20808441332344
-0.7843815338174975,-2.80007939311089,12.248994092172898
-1.9580693383343375,5.022099717851633,10.807081275130493
-2.5609362182643034,2.9883383559408623,11.653436114671294
-2.2770475410953783,3.5023100603112844,13.0622975543656
-3.5233648614983544,4.334338130063321,9.564643876868594
-2.6201146942441307,-3.4634654436066374,8.319119378088118
-1.5480975245834343,2.4848010074651556,9.744783480349131
-0.6563970433521784,-0.28879411857594217,8.847176102454723
-0.6792748427443209,-3.4832503352313005,9.834427688586109
-2.695394384685546,-2.6956413231915315,9.930854372093005
-1.18434710262194,4.13737442587578,8.911102585506436
-2.6088334878090307,1.7255638944016152,10.658077912595868
-1.8913241154577172,3.7477735787731525,8.940304685746089
-1.2111388728606691,-3.4617292392439403,13.93681050628992
-1.8078018230483335,2.3746116926760497,11.44767249662364
-1.4540438264237903,3.0105832068533163,10.059142176071248
-2.4692843253886467,5.074621905247838,11.2868527888536
-1.0517704856578458,-1.8625025595960065,9.37150552283125
-0.6279526952464276,3.3860605048106294,9.78031007821186
-3.367687130309232,1.5951060925540599,9.347673362804887
-0.7331384777252641,5.010107371528369,13.67356340482623
-3.0815223932788194,4.374335983011855,12.97844392135908
-0.8620597604903111,3.06293459077221,10.991919354741622
-1.8604155841697518,-0.15844881519312093,9.90040999972469
-2.733423467414903,-1.6064660312973689,10.39483254932435
-1.7403009837947145,-0.011029042361062835,13.680088309777553
-2.262788351297707,2.4252501369986197,12.550779393098288
-0.9542818151010533,2.7793726483090637,9.642921085431158
-3.8995022449119627,-1.7970762334584678,13.488480585895786
-0.9088149582134699,2.8657703525576705,13.299854056957795
-2.446323786667934,0.41456992119274627,8.517877155205749
-2.195375128284232,-0.951699054850331,12.210914416581161
-0.9560054717448239,-0.5543052526391969,11.192933914657303
-0.8464321650046278,4.594694343210103,12.404457755387597
-1.9463021892500714,1.2996997648312325,11.084408769112652
-2.029746587539545,-0.8020163867545174,11.879813953255207
-3.0141933813967934,4.7063276228779145,8.541404120752114
-2.115122053723476,-4.321022424455483,9.293471539042907
-3.8353934212328724,4.411624264052078,11.292929474566511
-2.2992674968912503,0.623589987189991,12.496563700818577
-1.7000470907317857,-4.050031550935603,11.20887177082813
-0.6338570661920531,2.9346597195632738,13.771337187407413
-1.3988682377164854,-1.5965544332221229,9.896826240192013
-1.2953379975841708,3.086822582738832,13.893985041175345
-3.2089221635069665,2.480004918254644,10.232431528156651
-3.856252541205287,-0.10282104081191168,13.574063766757337
-1.4439349746629806,5.250987137457294,9.994474577337481
-1.572234119172438,5.29389941265751,12.452951758958612
-3.5701624363316142,-2.740862315082518,9.005321864754366
-1.6307223558936847,1.6111916725645825,10.552839391745556
-2.1609459300655116,1.2583431333573643,10.65426121982281
-1.482762184998493,-2.999448047800762,8.736013658283044
-1.597303839605885,3.2547942989799736,12.42275075442119
-2.0987639051425115,-4.7709084197461475,10.362326192277873
-1.4956788174333013,-4.69411658843641,12.071188826436872
-2.23840330880302,2.2265345303274255,12.418217964023661
-3.3389993050435107,0.6134486120066303,12.099245239563722
-3.118727206991106,3.715371346048597,10.45357169319021
-3.8069856297077154,-4.050607258845882,9.315143208421036
-3.9491267644929233,-2.509251761460582,13.031784510673582
-3.151041434906783,-2.7025649121107294,10.93458629699817
-1.8393006856050151,-0.5159455487046714,13.96586182084473
-2.502030347928019,3.275770483669975,10.284077746389796
-3.443922132382336,-1.6615906554346966,13.88408066526282
-1.7567610906418731,-2.3204260653567683,12.139831654075428
-2.4891764279500666,3.0827619368799954,12.940554049480493
-1.5269737520760223,0.9394754426921361,9.224893492073146
-0.66933427429456,5.292251359786782,9.447277575698191
-1.5306586236759334,-0.5140633527576277,13.283150290290173
-1.1959699509633612,-0.07242786324894634,9.004067323979736
-3.4724845060744354,-0.4679708117861514,8.942721996122826
-2.735468210279834,3.167407523335388,8.615163530632717
-3.0510218594008096,2.7563155842357725,11.090237024478242
-1.23551299519667,-0.3846032181647665,8.489296142972758
-2.932745867628782,3.276170518861692,13.619329210263903
-2.810568827773589,3.8936911420760136,9.327820549529417
-0.7936393958017547,-3.6251929982820137,13.279407543588572
-0.6963585643356751,4.250841334026177,11.816467913932474
-0.7744300717063846,-1.941184796303244,13.531581760523693
-1.254638956158853,1.7298660053023402,12.086315327712583
-2.223155381209266,5.282294261722335,11.831436665901542
-1.5528660325615542,1.8331281531188157,13.608889849174332
-2.5278511688593936,5.276132661803439,8.882053295789607
-2.568486309213763,2.4373013776725996,12.826572285692723
-2.4634387196576224,-0.7104876610991724,11.377039161720072
-2.268763990689754,-4.2442366365578525,9.632945085696015
-1.391350558054686,-1.5119625589435919,9.089937522677095
-2.325820452846806,-3.0654160320797086,10.348130228591529
-2.7462017081924914,2.6646904735534305,9.298803695603548
-2.5464866169166998,-1.5552330506490244,12.48058621134352
-3.5996778936997047,2.319442486827195,11.170084545900366
-2.603844119535088,-3.757458828525235,13.101380330795319
-2.447391852937577,-1.927230873060695,9.232278577806472
-1.2384566926793243,3.419066385799253,9.728286805784059
-2.193576756178124,-0.4639042087093115,12.06202841533251
-1.2403226392923372,5.6031487600366745,11.597631297227979
-2.6643555992878643,-2.7179810680022785,11.855584583528305
-1.4056254439782396,5.1747931309776405,10.748015978327896
-0.962438260240714,5.413807084514493,10.803060767378726
-3.8558371305891685,1.3636195035069987,10.876350081587203
-1.4735313577026519,-0.24524020468177277,11.817209379978431
-1.7118659463771309,5.732715760100566,13.387369093303661
-2.7050100018435153,-2.8549176994833303,10.890683838064822
-2.3876207893710313,3.4035852487106038,12.09248005749737
-3.3463205529691074,3.3748717093595744,10.36542820186748
-3.6282035645786936,5.14865443482017,8.783931838100255
-3.7303906968262224,2.3410200236803025,12.979221495290082
-1.7050664270558769,2.447261574746281,11.009513718255935
-3.328875256670244,5.265459126354848,9.806430544292146
-2.1615991486834343,-0.6549493709636351,11.46514513582917
-1.0828265327803952,5.258543384111199,10.447468061935552
-3.03607637028815,3.4557676127391233,11.106348227746997
-1.1730182342739202,4.2378883475064875,9.883854466471051
-1.076958179365287,-2.324480398713198,11.419537450802576
-2.4301882313665377,-1.7357653979736032,13.017858447099755
-2.113225036696479,2.005925536725983,12.413429004643397
-0.7956654558387868,-1.0999579652134597,10.192629887142486
-3.807068375401965,-2.9890408207718258,11.332734647873583
-3.851919780669425,-4.407743135256398,13.521066506024344
-3.0736020995879576,5.1499036881629365,10.233227236608858
-2.4779489997040645,-0.5303904208230836,13.465820608452262
-0.6372906045062434,-2.724191156602137,12.012185753822054
-0.9524343246662919,-4.497734810034314,13.21906202262853
-3.215622679008929,1.4599013321930991,8.551648801909293
-3.7924207006565,4.473905799871453,14.072432868881123
-1.4479562306204188,-2.7953154987159947,14.119961110424573
-2.705994380911988,-1.021973731723616,14.159639885530908
-1.0107999026361334,-0.35664158747430896,13.529014168418632
-1.4418056676248336,2.4800849432834378,13.123464112925554
-1.392725562552524,-3.080676877868049,9.456126641996285
-3.5962901365395585,4.847255706562558,8.70072360785138
-2.6442266420025646,3.802040972173396,11.634105187698896
-3.6068351017256677,4.9514907837303905,11.931243414409076
-1.7711757474774887,4.764924671259598,11.352912677260681
-3.212251820452404,-4.525821058747612,8.934091113571975
-1.5891167198439575,-4.682258135071593,13.180519567244449
-1.6333079619706412,5.157539052849055,10.087517577078902
-2.7141296818489273,5.460582861255375,10.695322632929226
-2.9826941950722716,0.8349691999423658,12.965422223881607
-3.9088686248081763,2.541069642239071,13.961745334807002
-1.1751636676912267,-3.92183159949247,9.859156207347585
-0.7514557855029,2.1437709637705824,9.683969602406297
-2.380512380941804,-4.603784726142166,9.78861364973151
-2.3118332555220973,-3.6826042075919414,10.845846498152895
-0.7949116680425163,-4.014141087361927,13.259128947709645
-3.2884988884383897,-4.64838330763485,11.994355961561668
-1.0175552708866005,3.4319098348828625,12.503873931706309
-1.617491569476368,0.4015134250435448,10.625539163271426
-1.6801928991308008,-0.4469132587887801,11.295553065568203
-0.5745556076429712,3.81053821455739,10.588912276134966
-1.2973505505075433,4.913648759837365,10.121009615696462
-1.0058200914003033,1.6412388527281312,14.04785003620978
-1.4950659027087534,-0.2226017278046868,9.54049281258435
-3.523705422528902,0.8731885745454955,13.203768697034228
-2.892309868193193,3.9904467008346316,10.537635663406522
-1.4208544314688076,4.7766222783498495,12.515167884571493
-3.637524768584654,2.1318590696445083,10.854867518633512
-3.25669951046431,-2.2426241373188565,12.1637022150883
-2.7681202493700185,5.664988912524089,13.389964814481605
-2.837063908572725,-2.1627868236532652,8.880941747046114
-2.7452814823375133,5.5278814661565185,14.192008992067151
-0.8815434153383146,3.8698684126619085,12.309123885881913
-3.757562603298098,-2.5881801112966283,10.498759118637373
-0.7814678743326708,5.525739882928143,12.256530680331567
-3.412999156373071,1.0917288531915643,12.024084375728915
-3.325937321294232,1.2261278054631841,8.658499872904333
-1.3440317123140564,-1.3520188711559902,13.862621542510414
-3.67736680438203,-2.2340574876583017,13.380666951187333
-0.5500097735626479,-0.2858745374283451,10.36399744494144
-2.336777169903751,3.3981246536025953,12.633496768205276
-1.921092996049639,5.24301916667387,8.60485039299791
-2.008671061037496,-3.196995795943729,9.783762447971704
-1.9155265095785623,5.56375192572202,9.10320084120263
-3.318511945260588,2.206651956059231,10.881536967037114
-3.759405632434924,2.247255628559194,10.935567916593602
-1.5664301845674742,2.7421731519936037,12.859526534498446
-2.718993138470686,4.037158606300441,13.633725432975336
-3.6364916254288544,-3.181234858312664,9.885821801590657
-2.166192244159256,0.024053029797913794,13.51900676418136
-2.4771643908659615,-1.2186645970777317,9.792512125661007
-0.7189396450988368,-4.203533745697231,9.15449988713243
-1.4628939868973534,5.555444431286082,11.211834631941912
-1.0230132856259808,-1.4370696411414188,11.243362022589482
-1.516846296900634,4.947691236283898,8.712718992164323
-0.9829775044220663,1.0737098610664981,9.758654811583536
-0.8146058951352826,-1.303310331548535,9.881139227263246
-3.966062636254434,-4.637768357931942,11.76770935073557
-0.6884877671640632,-0.20956720381651817,11.355984354332879
-1.7257280828917643,3.6170852771614808,12.249963690222858
-3.53228352471571,-0.6431183041910806,8.700801315445695
-2.1718699438822555,3.8815783371075785,12.848510369791232
-2.8601044989823485,0.31405370313320713,12.347671976564097
-1.293817030099368,0.8735745722028234,11.24263387788269
-1.6909287063477616,-1.4568679501983834,14.011426756140004
-1.1042800029457651,2.524750319167647,10.972283911259957
-2.8592773809370993,-1.1654110787846679,12.470780682366506
-2.3091517071507455,-2.7686067114820054,8.694250225079143
-2.4721016067931494,1.1256582658426062,9.031933216979976
-0.5483560538812222,4.612558062024052,9.699728743738184
-1.275201068909646,-0.9692505509311014,13.532345004686725
-1.3699170941430454,-2.3272524438565587,12.118909597226585
-3.748981688015163,-2.411133009221962,13.639867086905205
-2.1774833047242597,0.9188039131585723,10.981443044423147
-0.6205093927095455,-0.9232958614170221,10.403944073155358
-3.0450099838556177,0.11330727988684508,12.255146257302126
-1.9774046481394696,1.2409866701628047,9.478570740137842
-1.5655157507006265,3.9018750008630096,9.374809628512626
-2.4083093780251943,4.469187143699399,11.984841919896073
-3.5923824251041157,4.5659557236429436,11.114711902605633
-2.8702906398498964,-4.3760285352966,10.081477642671002
-2.109927899752462,3.912768024617245,10.322049437717556
-2.7886900449051284,4.776035460133066,11.88126892061762
-1.0740181128628743,3.641879517035461,8.611470969301847
-2.3587091236626554,4.941248884323359,13.233450001614976
-1.4551317368116714,3.636906995137803,11.533327166269686
-2.5355519521781877,1.0843321285447036,10.581352957333747
-3.227767201766164,4.14561947274051,10.972585281448522
-3.1139706201319832,5.321091861201799,8.561636920269345
-1.787445526421552,-3.977697200680153,11.905561866999276
-2.4962899479806335,2.0005620632042636,9.89873391195031
-0.9896967125288785,3.6783559364068665,12.225091602929263
-0.5351893455987731,-4.339469864155732,8.542525466070735
-2.5381777214372017,-1.420760170261938,9.137628686382756
-3.3975938402232035,0.06605816441335843,12.125391868850542
-1.8241846320910233,2.2719753405847483,13.73434572862659
-3.0254794270808,4.222347538431864,12.040452049764983
-0.8599909069622873,5.3137624013882885,9.482023596747034
-3.664268275506767,-4.09202562429646,8.404279186725155
-0.5557497335410213,5.688830985650231,9.966688696005336
-0.5747027747380895,-2.404853570150205,14.073663834944535
-0.6259652593348863,-2.1479910531757453,8.570315898276824
-3.3294177299330014,-1.2203490606350083,12.023227929802317
-1.016853638437392,4.076295600377108,11.170127209333478
-2.805850990134642,-4.607297604137384,13.15505678292045
-0.9021707109774622,1.0955988791838243,13.359825102139204
-1.3755570108561708,-0.4831232535624679,12.964708689206054
-2.94673385374852,4.562252613878739,10.18490520107212
-1.7804615909246762,0.8060572705941587,14.141373691272138
-3.4341203597509073,-2.8972078820523306,12.27458801340743
-3.3627079710158756,2.6421513161029164,9.133405318831468
-3.8467659253737896,5.596104403633799,10.535162500852552
-1.932863339899269,-2.3750960402098578,11.816515206494303
-0.6848077859161514,3.226395017547027,8.491980656438
-1.8163368152223467,-0.8040803169723718,13.876261325857019
-2.222257754859378,5.305484495986175,9.664479270956386
-1.8651499412016896,-4.111053278123929,9.194937081870162
-2.841547115703863,4.315742834062988,9.178329278956802
-2.259739455078629,-0.09636165424719234,8.893222382010679
-1.3914980894408027,2.133466893408613,9.246123874878059
-2.8460228920054433,3.790246900669418,9.118598440457514
-2.34439381368764,1.4598746644163985,9.23510793385539
-3.0427329296198993,5.193585130101454,11.060424131029613
-1.514326406362612,-3.873435551044498,14.168508130406472
-1.5964242516841258,1.6212985125688455,12.44634825262434
-3.0929229049075473,-2.804231532046199,12.272976459104264
-3.3748439744579626,-2.7722007574912944,14.151776841720483
-1.8757663348192692,4.614235125697048,12.69280586954515
-3.2152691627209125,-4.6253813857450226,11.841594184889983
-1.4491918487151767,-3.8385998983796528,14.133254255909026
-2.9140706294778633,-2.9232537452412086,8.339907128430259
-1.8821850024003455,1.4727643166409647,10.939272592223961
-1.9876867170291619,-2.566274106483021,10.784707691905439
-0.9301616599523892,3.3069056778604917,9.331458024375031
-3.0980376398009395,0.710280997750723,10.335612723520454
-0.9413150828723333,3.1700947401489348,12.131469739090345
-0.9947697512528908,0.9924795403655002,13.898626805176772
-0.8128739767298203,-3.3678162733182884,10.71533465458636
-0.9594395144520504,-4.740284215266471,10.691842517429738
-2.603403581248587,3.6236896039297264,9.841903081740455
-1.917836751536531,0.14132772556894135,14.133717631930315
-2.2301091847433363,-4.653252556569562,13.210428727160341
-2.456801907123483,-3.6160453932753196,9.308429830320414
-1.929564550777386,-1.447601861304312,12.477044070847986
-0.6406324727775305,-0.10500955560081415,12.407662708143535
-3.533782762923576,-4.138349384281584,12.750720388872306
-0.8334092840145395,-0.5284690069939568,8.480732765351217
-2.9990150212010676,-0.8667571048792908,8.975494474645263
-2.6624180986146104,0.09759726284488668,10.464651192299307
-2.616797008659018,3.3351500466113,10.526403636769231
-1.558925957376701,-0.8946403593380037,12.932135062626624
-2.8131804074758344,2.4817505397633868,9.767480519460578
-3.658439210482491,-3.910429346374707,12.016941849060455
-0.6747916462579298,5.22572875410529,11.887186155638332
-0.7186686845321519,-0.29271156454586134,11.121679308432277
-1.479057847812134,0.38995671102317875,10.944401427661544
-3.2325992017119773,0.6565388815678057,10.973279603840925
-2.5449535789614197,-3.2977952375900603,11.910654180110672
-1.6271497138377322,-3.5784061787927914,12.514061188588972
-1.9824489617564645,-1.3283601807826626,10.66697368244314
-1.2583596112492805,0.0719988521050885,10.833067516371496
-1.71553712621166,4.890502905052385,8.663649764357451
-1.5668011402983475,0.04548406397033489,9.279389112394147
-1.5540221480177179,3.60277346619198,9.367174505797248
-1.3924014551140242,2.8625384842043413,10.403619065740655
-3.2815183584197944,5.109653704966185,10.944556397677585
-1.440789674133769,-3.1018466605472437,11.51536083495211
-1.494169504182759,4.167632843349846,11.428146204828012
-3.9861238082102055,-3.09733711532911,10.966716175257245
-1.929557450705211,4.525915957949788,10.23109256602738
-3.642570965640364,-1.3795638869500353,8.761001159206943
-3.1161072207783067,-2.554764936567214,13.884774340046349
-3.9700936909452276,-4.322800807977055,12.077011740475337
-1.5282132434981786,2.218766661769637,9.412795363770675
-1.694447972573062,1.638142396085259,11.747130851593566
-1.7616436608707189,3.752140764069411,14.04010805904265
-1.6958652830721892,4.0343033744534775,14.145440793806465
-3.8241618772192307,0.8744204662658994,8.678462363879204
-1.489154828260702,4.841097637211831,9.513684279399161
-2.403003555433907,2.334037468498245,13.863351685540692
-1.9521493708388404,5.693380343073105,11.162370613953664
-1.1655720194281667,4.180512118349732,8.623917324585781
-0.851475290590499,-2.7769603257943425,12.122772367315543
-2.900529721205287,0.09626131104280766,12.94835473496762
-0.706333318431966,-0.1513913957326416,10.977947554609269
-1.7195975781969484,4.7306222617693106,10.928811454474339
-2.9351127821630976,-1.5656666276618978,8.981382208528183
-3.443107879565521,1.1238628512604425,10.655941358694992
-1.9475268361734712,4.134938141713874,11.036291042226111
-2.7705490898555745,-3.8774420143965003,9.60534253745993
-1.6458239375381014,-0.685080554167401,11.098071205163551
-2.586984471113584,4.679892736939543,11.203960463463272
-1.6775201631546017,-1.7305246503290141,10.185817950440944
-3.9384995271056877,5.571017320970098,10.477227782575689
-1.3032957445563151,-4.882192618632347,13.41524526282343
-3.58536921540059,3.948108630528905,11.228643431556431
-2.524485997063209,-0.4989398262542597,10.136554954979497
-3.6217799944124054,1.455107475733179,11.692166812990386
-2.487285891555099,2.5089041924010456,11.451624487039426
-1.916503696746628,-0.3888843360607739,10.08638900148112
-1.9864793400868703,1.3520583070310455,12.067032769436931
-3.6554237963233995,3.6697862910294603,12.60718488067127
-2.430975263688082,-4.26419541543037,9.65945708457463
-3.879284300858427,3.1698634135997334,9.263270732228262
-2.0187173377743592,-2.046342614913905,11.011346666598545
-1.8802021950194714,-2.743359977114699,12.414762565961233
-2.2161493828297356,-1.2185097422679152,10.091202416051768
-3.8969515691206214,0.816929710908858,10.9806040973838
-1.8918671684587882,4.678605151188291,11.026159547324982
-2.7899348198928604,-3.8640530891785114,10.65656835338076
-1.948036906688741,-0.4741561943778487,10.870147850718611
-3.015788669190307,-4.155053834418453,12.917918399333566
-3.772733682575071,-3.783404150002471,9.80858655841038
-1.190306305949325,0.9610053698875296,10.658008099154959
-2.7205265865561974,5.511421976511965,11.870815842591725
-1.783557573684842,-4.887258155528572,11.636624103547108
-2.5735978315377723,2.8160464505637464,8.43151392568954
-1.0695482762678612,-0.5111432517169412,11.7518104496473
-2.0572022703490873,-0.437295662246183,12.073766212417924
-3.897981241497595,1.8547307605786436,11.990474660112916
-3.554698302825068,-2.816178763526551,10.362622568321608
-2.1120424899464343,4.683872409726863,10.656010293113694
-2.572167030290392,1.0198286753677461,9.229702625826867
-2.0394643495919382,0.36935407725545666,9.880939327841647
-1.9676451387842078,5.20193923118271,8.622012142644628
-3.456827375976127,-0.9544584831919947,13.793413233632254
-2.6626597574289814,3.785944291063169,9.583712487116744
-0.607787252823301,3.7332385843024554,12.29315924136533
-1.7428807199258523,-3.3930435430450303,11.715601045897037
-2.4444949146723727,4.594665047273095,10.7271612914596
-3.769742656655084,-0.7515961164976241,8.362219839698113
-2.2771447176341524,-2.716992281781827,10.423303655009047
-0.8120039604125298,1.174533673015885,13.749738070249393
-1.6380182931020508,-2.941620393087378,11.129774972738252
-3.956401258125924,-2.189662289744867,11.822816237969061
-2.817389550234477,3.3484989376726535,10.080758898169366
-2.273812596722505,1.428029646681047,12.22558924398229
-1.250975749654998,-0.8181843481163629,11.910737967668329
-1.3285264879835195,-1.0620609940862011,11.059798157759495
-3.832631977205496,0.9777297393533759,10.612170905370036
-3.7448205095243616,5.195052864852892,10.121342178468389
-1.9456559015179944,3.507960763258284,13.351993008815398
-3.9484773494068417,4.152790708420236,14.182116097270814
-3.7704711869699854,1.2647720978850847,10.014539854892316
-1.759964055978581,1.263556017483772,8.662001130819036
-3.967841137068514,-1.7217550000984319,9.726778263572392
-3.0259877370362678,5.786306876524572,10.872272654054694
-2.858459802472251,-2.1421812109012497,13.69351575475395
-3.1133366556009388,-1.3066110777453042,12.975294851101543
-2.7548483006943982,5.342686856697254,12.48508970535902
-3.1028012404182603,-3.792423896636733,13.257338560402669
-2.072057676116283,4.32161499295907,12.791586060246356
-2.89249687042084,0.07459075867744591,13.974527563542608
-1.257615685880387,2.7647665096433975,12.730909878022
-3.7158327722225857,-0.7604181902428166,8.518034497049085
-3.4385371254982324,1.7936780748253076,13.091390436432583
-2.503462680044659,2.356025429886997,8.853246580480658
-0.6310852730161063,-3.657832270739554,8.413465175375606
-2.3469494295750613,-0.809970530606015,10.178376504896194
-0.6665932584899741,-4.182689871299969,8.309653755243598
-3.7067524533995404,1.3992688194267986,12.062258825627264
-3.532376816950632,-3.754274507678985,8.717529129191782
-1.826346006556634,-4.653360578548043,10.193677499969281
-1.0626409457570052,0.8700221912605555,8.732477250515604
-3.2751668657632793,4.877493869874341,13.19016290234678
-0.7358100592361971,2.546765241702815,9.823761185135792
-1.8761973700610999,1.2676522209036722,9.266211356132285
-0.7075654679450878,-3.167648316750636,11.825169682873396
-3.636008711744986,0.5505827522978093,13.491512028172398
-3.520792237830989,2.750391549258663,12.87664422151132
-2.279567014112692,3.518954795007401,8.54619569979574
-1.5074762767792866,2.601504614182808,11.056481882842737
-3.7595181462055485,4.909561749476589,8.563096495305736
-1.4828633899715649,-3.223423191127856,10.394908212470705
-0.823858172830056,-1.3513845442270491,13.498368174346716
-3.5022896213898838,4.8703474579348,9.373799654898008
-2.4759212864396694,-4.065161969730457,13.000745755482193
-2.8825793513784888,-2.235161536684801,8.92540679239529
-2.963165725497304,3.279349755107974,9.088091455280813
-2.989280709712711,-3.112127674238216,8.422988382560554
-2.2637750153143257,0.15911364874429612,9.517588729129502
-1.8170889675788264,1.4887386110652994,8.74508653069441
-3.0213860086555036,1.9429580663249766,12.333617610127177
-3.934529133230789,5.7859771224299,8.90029999732859
-1.9999393704992436,-0.5170198461835724,9.704932026642048
-1.5704265270082978,-3.0462516197045826,11.770451142758574
-0.7928492778924627,3.3953890896234604,12.876819197189203
-0.7186239271215928,1.7995653906273228,12.422575676016486
-3.111593534772073,0.706731781193028,13.893099790286394
-3.0438676536630034,0.07398222345471872,9.613178907788786
-3.765773193724106,3.1594127352424533,12.120141798759082
-1.4603521896705733,-0.2021643783354854,11.576599663561868
-1.2427700047220003,-0.019668305789220852,13.477410123449506
-2.511734592866289,-2.3366856060491625,12.548358386625495
-3.6405362346133847,3.5045847706448843,9.564043625406349
-2.224035467767748,5.28035007026636,12.066412507535436
-2.612341781569097,-2.6718588310187226,8.398450470350106
-2.6595023351509237,2.0534891079216786,8.3755077981701
-1.951876934825767,-4.353074858431784,12.114491626186085
-0.6873514340240954,1.4151688981562742,10.395599780532521
-3.0647205346576065,5.584230235455605,12.533188580024522
-1.1994950363628614,0.3477555622231918,8.568643436826488
-3.238788158749846,5.579119327038123,14.157541850491162
-1.3399310094167447,2.6101800103425585,13.259388801191232
-3.260774390623172,1.164895301391998,8.876620542375619
-2.2192183255005578,2.7294361052707883,12.787151874741568
-2.6775936412579178,5.1469888228296305,8.626416212296196
-1.57497792085295,-1.401040690810961,10.303457691784168
-0.7323929657041006,-4.018602187794238,12.207927944691045
-3.460005593124926,3.7334764581580053,9.664536650114794
-0.8494872883924627,0.8137121187250145,10.15324306125707
-1.1217698299941694,5.2849081463093714,10.338977901747286
-2.9332510262250286,3.808146295860972,10.167709932616892
-0.5987388461768375,-2.8748181145906266,9.113852801830701
-3.8229093315061715,1.9882577774755186,11.843859731979482
-2.44731678439926,1.5864247270336795,13.323571024031652
-0.5672602618575016,5.198064838215471,10.131943054573425
-3.8588899810266555,-2.555287956126629,8.717847912954083
-3.5117879586578984,-3.495174975058036,8.963283249962483
-0.820275348718221,5.639789681069656,14.19208703509861
-3.970543435487054,3.632458097368829,13.9520494857207
-3.154447929064733,-0.2989454216459153,9.988948907178953
-2.2311241037866187,3.4867968386111716,13.175580732011316
-2.3632733892800344,2.5796742583664436,8.786239868114292
-2.608752061169065,2.9414184782399273,11.690855760274331
-0.9600279273027659,1.263589570821213,9.822320456395111
-2.3354450422432036,2.627744645736576,11.411928266654057
-2.0704285875186503,1.6854414371205335,11.641503521777118
-0.8135975757846761,3.971407815922138,10.413782087484218
-3.714144019606004,0.03444977023783302,13.124158551116446
-0.8487301707002444,-3.3245211246795625,11.722852686597061
-1.9721093643951018,-2.4883438079118143,13.036114701006309
-2.489450655794161,-4.479449501500747,11.325111098706355
-2.736397847946561,4.6979327157575295,8.815460862316534
-2.84872144927062,-3.926305198149498,10.893018736094971
-1.7501876621562804,-2.6976316533642857,10.476218020032388
-0.8674029773561505,1.3178661729250374,8.672186526187696
-0.8278123659278602,-1.0151252589305977,10.416470049035812
-3.3679651457541517,-2.1352117810687616,8.584529634217068
-3.2672806759787356,0.15763607253038092,12.31378817702107
-2.0874007885284334,3.156827709569555,8.94863918812601
-3.521049641972285,4.80559232359847,14.088988819958583
-3.6713861591309134,2.441479445192451,12.65484961498718
-3.85392060054086,1.0372427900604064,13.452000471029994
-2.122135840972498,-4.415901434101601,10.788728075233387
-2.6814511686224076,-3.483759793704025,10.754984305406929
-2.986806418921689,1.5438811878629908,13.851232879087224
-3.6046527627508453,-2.0917661000777117,13.333164639692189
-1.8805503604063314,4.079517988480749,11.385187807824185
-2.52182794327675,1.786993560413518,11.261084039227526
-2.2038569819274167,-2.982688159849337,9.998028227919932
-2.6100702366016972,-1.7004490402064807,9.98868563129015
-2.684360405580782,4.009082410678641,13.04044036824755
-2.6223055738656305,2.3276323981829545,8.758334125671125
-2.404003564457448,-2.8510564335230733,11.919476280247661
-2.101727383199234,-4.400192858970977,12.099974689197495
-0.9374325961544558,3.7309556243473967,9.122062927300451
-2.925775125815372,-1.0702542852117016,10.227399452011332
-2.7004004363616425,4.24579749466716,8.489138563700271
-0.7860876288007805,-4.675750819484377,11.237587286730728
-1.4707628490716194,-2.163542340306224,14.197065909871252
-2.3869745967059335,4.0756080505994365,9.782779447443263
-2.9045053891542434,3.733012686531005,13.592349550437403
-1.5651142490739547,-4.824913896002584,11.06542721629173
-2.4611702435446765,4.939232788383732,10.45653643562806
-2.540514881201228,3.0209002056128487,10.685379958537114
-1.781056968357356,-2.1444574016502647,10.265970711214349
-1.4091340781994361,-1.113193584172767,9.408291497682168
-0.9854504919319917,5.186266720910231,14.121818584424318
-2.011301586305853,1.6292605339124657,12.640307453830733
-2.994976356312752,-1.9810507463837523,12.167941319816979
-1.5279578595158667,4.884203135500387,13.814900592078946
-1.7102498906163603,1.4849996380738597,9.191340983593252
-2.843963488835155,1.368450610577547,13.350932121096672
-0.9603918517890504,0.5018727073651394,10.305373287242865
-3.655515798970674,2.7096723496211528,12.990905852511423
-2.4257758478213542,1.0646414725838547,13.845859181590153
-1.007875134743001,5.737971625238183,13.16542805349654
-2.3077186145228263,2.9647091859697348,9.364734150708035
-1.390261617230316,-2.0682912929384756,10.964943400967103
-1.9345784973345732,-0.33498527906927666,13.822758755174178
-3.4291152754968457,-0.31948119682681053,10.104250719254916
-0.8291600417343155,-0.9531523754286297,8.99304477859552
-1.3346941588171912,5.380934737252032,12.308047764857738
-2.72527820268733,2.3862427758901665,9.931398200365333
-2.756148196761452,-2.1535703311266605,12.969544128735883
-1.337853258456966,3.5242788350091487,10.280407282253046
-3.724519395643262,-4.784212995379824,10.373420017357942
-2.7133889127557116,3.8900120849861306,8.779097883273145
-3.855883929635086,0.9640891609188698,9.045703474363377
-0.933228291273037,-3.1531793936926924,11.646440177877064
-3.280696440150636,-2.190627643204334,10.53519170120948
-0.9202965790884354,0.6939794887222357,11.235567487812673
-1.895556027344429,5.289494206231293,13.29960349594323
-2.098202867940457,3.7437897524004793,11.318051142222808
-3.063254866067766,3.155279102926487,10.930727928296562
-3.5392403389066165,2.438462491327905,8.378030297009111
-3.766200224260278,-1.1745055394068609,9.21631330919818
-1.4635014764795633,-2.3183294255570064,10.572286680738804
-1.5169201528938951,5.055299391409134,10.346350864647246
-3.6068884361043496,-0.5901914212403456,11.20765974116008
-1.0627217800302695,-4.350880298898234,12.168839644679753
-1.3448269252029603,2.3803370679107827,12.57025109722351
-2.2796084334036615,-4.782129044439439,11.138249092617569
-1.696777901594849,4.145814503764578,9.77307332137889
-2.1967956619760947,-4.398389116101634,9.618069336415795
-1.2787587270802252,3.1869166014039365,14.17493582433076
-3.9385026673435855,-4.138019399828309,10.568702403005101
-0.6450974021211011,1.9470715140290231,8.844711034892104
-2.090443876182222,-4.5399601229892905,12.150165250736988
-3.987962994753276,-4.5914139794846145,12.846139050738902
-2.4786758996341463,3.411456146472114,10.888573191204454
-3.9258502353876557,0.43104148333867265,13.79838550985082
-2.9734992225616472,-2.7643363574508837,11.88666103308059
-1.6022368075624236,5.503688225028032,8.349536375794775
-0.8603272495070158,5.568955087505294,13.430523623682802
-3.4068931278121717,-3.0854089122106374,12.726801357755564
-0.5053840734984894,1.0956707907218375,10.537035915196618
-0.832236286880518,3.3693535069568217,9.416612050381524
-2.9746821070344427,2.6304413232711683,8.631186070203164
-3.105931515712589,-0.23335333009458292,13.56065684176668
-1.8612173673871109,3.8162081948421296,11.63024729149983
-0.9414723584712936,-2.192078850549116,9.219393658289379
-1.7607030612729173,-3.318249507879182,8.729512382982191
-2.697614461302542,-3.635026387915466,12.562821664751144
-3.8003681817574257,-0.187750725908157,13.275976977267717
-2.8477241432412996,4.009086900619664,12.963335680390434
-2.914582296311934,-3.931163463707554,8.735650664564295
-2.2857867283193993,5.248014132537625,12.798155418865878
-2.3045602284756437,3.2108421767441957,12.07504082166979
-2.1372306523609748,-4.653753125106606,12.46631487059324
-1.4380573944474548,-0.8705378537573285,9.433437246594522
-2.901484941259701,4.895047412059927,11.692247308082605
-3.8477185098959428,-4.837681065756637,10.324880870517557
-1.3895914062175247,1.5089780507198718,10.542194816867823
-1.5135844753873378,0.7746475299132056,8.375962171726504
-1.0947927786486837,-1.1240915232564856,13.524097569449673
-3.6355637916630523,3.6828869012034158,11.54716584366204
-1.3747761073338918,-0.669738698002412,9.6941577030485
-3.0213609302935684,4.389834712264641,12.344235963461681
-0.7340947780843328,-3.7828831542605417,10.533980868593964
-3.6597202116225076,3.18338019410319,8.758714597601795
-2.0517810844308806,2.4670450896247864,13.72001577027824
-1.0732432784460029,1.92453138953376,10.466699080816634
-2.917818984394416,-1.3197546017263129,11.706251416173684
-3.1869681554219342,5.724029803061635,10.535080588090164
-2.546303622975196,-0.7787770739331981,12.861538641256296
-0.9841775825561885,1.0730775697620052,13.816685401447774
-0.5892976834607309,5.750912679825857,12.728906597380561
-2.2842985083188045,-4.529566359342143,13.997610770743567
-3.1459027482725523,3.794645284609194,12.829902447382707
-0.5535847592859708,3.2281099210407582,13.999074450874936
-2.252315491991177,5.710110808462291,11.223104752354587
-1.903784829407733,0.9626879997252846,8.898597079775879
-3.9973680655988213,1.837773531708482,11.738711636777008
-2.7709146231546966,4.872655440816986,13.03228456649263
-2.9259719614440614,0.8151005087490875,10.366942280039268
-0.8088616929656061,0.552539332840043,9.849537176380467
-0.8108516114551914,-0.28240760661164366,9.629094837114302
-2.1508135095406127,-4.740982249739837,13.375614147260869
-3.835311088068022,2.193198242732267,12.806721603724544
-0.8502603853122666,-0.2215153900900546,12.434895410295994
-1.2474999091378454,5.505119923394712,8.85212871731301
-3.194964053037961,-1.3102126536982266,13.910679737460644
-2.025066521532988,5.152743065938795,13.520513136173397
-3.809205762875445,1.9126286349523243,8.808079417750397
-1.3092311977444018,1.869984379742637,11.165489190120246
-2.8970668419349366,4.964495546100377,11.016698315703364
-2.805456008646937,-1.4634583041618825,10.163823134705936
-1.5150123107005404,-3.102357198418724,8.652298477136345
-0.5771515286276991,-3.3437190632217164,8.484600118614473
-2.832003816932856,0.926662768442112,12.4558963718558
-3.618069337685344,-2.854384548827247,9.429211555862732
-2.3503679584322903,-2.426720900043062,12.679859559121759
-0.7556639006437305,5.647010974542871,10.877487259465035
-3.4730915366002315,5.223297232505715,13.950919025799138
-3.2517534382176727,4.72377354835087,9.66388517081455
-2.8456502569351727,0.5804667920614417,11.939835255888998
-2.0915113853184213,-4.853944182593125,13.166368681947093
-2.777964814343167,-4.013925818091225,9.746483127924588
-2.647482646744247,5.234175172215323,12.502829303403772
-1.013149903361041,4.710556947929293,13.524591472657132
-2.5683834910268053,3.222270920885526,13.105266699808476
-1.7143374313321287,4.812409963680585,11.697658823873294
-1.990989647462741,3.4503160596788227,10.828207352234339
-1.1628935926269852,2.2652642393684745,8.320280048442665
-2.642497707512358,3.7955432460165763,13.078307579898674
-3.321766382480395,4.822206880266252,11.17819595002283
-3.405809131725009,2.7872632095825516,8.881400508007056
-1.7102982501570279,1.641353510924839,11.864423797160356
-1.2158218640869847,3.1474030918520857,9.516899006905215
-0.7095461428773788,1.8313669288392571,9.75370524964846
-3.757778623612283,3.014186402540985,13.095417594708456
-3.2328980762258217,-4.5690320356682435,8.881408200508426
-3.91262343639156,3.083999558748183,8.368384315112172
-0.6188687798818839,5.779722258992985,12.287945095571887
-0.9383846211529328,4.504280225540883,12.871062050534526
-1.5514752347550256,-0.9793069624804489,13.63995501615268
-3.104964665963614,2.9071080980394495,13.372572656992771
-3.2190180732894946,2.8439485866709067,13.648009080650166
-2.0250572304849,3.6287768484350345,11.958012928010513
-1.313297934558086,-2.105574397854003,12.878923467958149
-1.60682887866983,-2.8675933822772244,13.475183991296689
-2.3657088654944722,2.5520859537271807,10.071307196749416
-1.5856346777475174,-2.732784505421553,9.998078389397909
-2.7517136835994016,0.1906948966205908,9.013342469581076
-2.0481851598185865,-2.8317906910565624,9.431721738223494
-2.4358233765367943,-0.7512764343545264,12.331938272092572
-3.195116345863543,-1.9963120910076366,11.993751676913666
-1.9336035869417145,3.2467801886594057,13.473982747220264
-1.746109468723549,5.699142077740653,11.7763794547324
-3.2489172006620683,0.7071194718079061,10.740355763744033
-0.8451080358199179,3.983578082384744,9.457010488720153
-3.449304312389735,0.657498388665787,13.10621783103751
-3.322212460838833,0.4398075450609076,13.539082673095457
-2.4990548749780404,-3.8088635464128346,9.256300014716462
-1.676863973694986,4.342617672768242,12.613456611952724
-1.9435700700097467,1.2238303602442313,14.09782594149236
-0.7953008242468473,-3.0092108773675514,12.278983762778424
-1.8998137931100745,2.343220332870245,9.508927830018177
-1.49645004731204,3.6593555226623202,13.338672185860826
-3.7048044977672756,-3.4480357415251683,12.098042523842867
-3.8244462725950013,-4.16382409477779,13.098536357472923
-3.0222694157989713,-4.392259124497915,13.455473571377581
-0.5847058841879726,5.646823919353256,13.377835404059576
-2.096760405355181,4.6043077329077455,13.257121514961081
-1.1997267364728863,4.810583321117084,10.099450274470794
-1.7082597102938215,-1.918262458516664,14.169567096330296
-3.726330806022946,-2.841771884729922,9.393888050880658
-0.6043706763509471,-4.292126274055922,11.727438646165645
-3.596295742554783,-4.48465530497849,13.067563826770263
-2.686136995228397,-3.298442028793895,11.860407040669175
-0.655114162826643,-2.7618680850009665,9.485615260540575
-1.9557963936159348,1.22947691758334,11.177566028945474
-1.975890244040337,-0.9949109898438668,12.34508151981801
-2.378169943816182,2.613613163819755,8.402599988082942
-2.1913973640063205,0.4756386188359274,14.081782146212605
-2.304361658117587,4.830128496143509,12.427453214510004
-2.4702481537538916,1.990561367484264,10.639711895919383
-0.8818430658324599,-4.606429766960349,12.547023724917423
-3.870742552855416,-0.6243147921757775,8.345455797368748
-0.9904130154094992,2.3697784062874403,10.262416314257838
-1.663147435914846,-4.2516908000282205,12.715455882592703
-0.6135991879099896,-1.6068127434445012,13.530778132720208
-1.8297064965392082,3.179663751045794,9.007200408903188
-1.7504826991242721,4.906280569695163,13.495962386294146
-3.4826301607325796,4.643118509301678,12.56071421952668
-1.6680482154487906,4.44301582120039,11.198577752144297
-2.3449111753793357,0.41237926456311236,11.432646035995301
-2.1153776462794536,-0.9048471359376471,12.549552908655034
-1.733856188541231,1.5689551497239513,9.232775054259053
-2.8748183266732523,-0.11751030782797134,8.441256762640986
-1.2167737778735646,4.571740228869464,13.141920245450482
-2.3615291061418864,-0.5715085029816143,12.405366586857314
-2.5430067308048163,-0.4809287957336297,9.847837607616949
-3.5276016559094057,1.6538737717464196,8.714519702203033
-2.0362021062815074,0.9088179438550004,8.9110224462159
-3.975268001397205,-2.2719479302271446,10.217550930878518
-1.469460327827926,5.365625696661626,10.813458760185624
-2.426341052821961,1.4780055463383182,9.984463987677183
-1.070132834856063,-1.5638492840489215,11.429801262861154
-2.0277494998693246,3.2595482955025084,13.896899946269823
-2.862310986663654,0.5979345998389594,9.82353419590377
-2.3848502900981168,2.202092068887481,13.300553349327252
-3.1373454959105938,-2.5718311728069927,13.081522955803138
-2.3188694084480774,-3.905101933968708,10.367449481478701
-1.6278666699434265,3.013814810517375,12.111514049171317
-3.5387945739989264,5.313335039526425,11.753179887595543
-2.2792908586839085,5.340398439656367,10.100498878675625
-2.4178882507707167,0.500339491113432,8.422664536169718
-3.2241653805725647,-1.9486702511636205,8.885618131759419
-1.0916170178559401,2.4293299180481407,8.352422846883858
-1.6553854740581477,-2.9114891605828737,13.677353922515064
-1.3080628024681493,4.2335524280517305,11.90056612301168
-3.51657063292844,2.09133188962182,12.928033550276076
-3.5211983328590226,-1.6725981979113191,11.465185608813778
-0.9544283102138538,-3.201712772923959,8.548016103527022
-2.3414338287408114,-0.012148132923117672,8.737193866757734
-1.1952549337232359,-0.03477053109574779,12.215124796520913
-0.7274891616216927,-4.385123624701594,8.609776443067975
-3.910006011002043,-2.6013174599246027,13.191650234968694
-0.6065330362307977,3.4517259166933503,13.522340183281456
-0.6394860405128888,5.2554861439529486,12.894919336812615
-2.207779258578241,3.5322705735740705,8.574070655005496
-2.2359070674020893,1.8160740951198662,11.875472711726605
-1.8160341952710812,-4.131098636095006,13.59271302369089
-2.4148428615016013,3.5430319591189257,13.989451981348783
-0.6997338565790474,-1.3577984261453557,9.251434717823608
-1.0930197572101252,-0.13259956611375312,8.99985568445479
-3.195855711561685,2.2833758942474462,13.206556679229589
-1.3316104429302444,-4.891545586009397,13.638038377892247
-3.6948113756504095,0.12879054371572707,9.259357602053708
-1.5049469755999767,-2.1598287330446966,10.257569436683724
-2.072435402555004,-4.388042007619221,10.2876107392252
-1.8521773596810225,-3.2921502609286417,13.46075172580413
-3.6545117553540365,1.6648050596163584,8.83306461291011
-2.4588476881889307,3.2081787242984117,14.01956292774996
-3.5951213888976223,0.3945105477819455,13.5320739728694
-1.231038552450972,-1.8490502077615378,9.006109169217021
-1.251834824886818,-3.6148436773729564,14.063648067365945
-3.868762740404423,3.5721773467510136,12.76454637565784
-2.5972160215315014,-2.279787457535066,14.019551208455496
-0.9243882112983428,-4.477907847569384,13.777161900666385
-2.001644782669864,4.498723965830187,8.77592883953195
-2.576626509846563,0.9386571119426064,8.554526978836506
-1.6620779925640026,-4.650827171257612,12.932552616444971
-0.7201020624316357,-1.979883055033922,10.643395076069506
-2.8106317522183044,3.83828732818324,12.909056889777144
-2.4306842358068925,5.589199667266572,12.493787974242355
-2.200193883645512,0.6870181006022715,12.196013014919103
-2.735717969899247,3.354022510468859,8.531110167474475
-2.873262932453424,-4.547483645585619,10.239839538460974
-0.6589339398323899,5.504747770234257,13.812357993669426
-3.429084236384926,-3.3740537604158383,13.738244323334097
-2.7504683482626726,0.3099120278661527,13.710610245096106
-1.7483133825773178,0.6680790264963301,11.979625111093267
-3.913600061302208,0.5692697404477602,8.635075296595545
-1.6202691967550442,1.0638225676849435,13.430972284263252
-1.513513220028412,-3.6579798979125586,13.824716137593036
-2.127868425065264,-1.9321743172407824,10.961129580016854
-3.6031000547390812,1.4115150084436223,11.671183250672884
-3.917399387260828,-2.287836615404209,10.922610814749492
-1.758246503521014,-4.299713306946199,11.808591107168569
-3.674783906948756,0.8068819627761403,9.575585165656856
-0.5391106891378996,-3.5049806675451656,10.018563202443609
-1.6406383937602458,-1.94827490824715,12.033530651210702
-1.6022729444234454,-4.473802376689546,10.743977288593953
-3.2331511058588482,-1.6104736504337587,10.493250287210627
-3.497124230778353,5.376731766937802,12.493519776143964
-3.683611794294138,-3.6812637551688923,13.048623513824456
-3.415001615340471,-1.739366997134558,8.623893344884795
-3.76556505589101,2.0190659545388883,10.033976922030579
-2.9082393659599757,1.9909843935467633,11.079529223319796
-1.8745778133122313,3.619301030900276,9.345197814647285
-3.3483614895828744,4.000271105225144,10.50716141221411
-3.008788595065793,4.7200274388893515,9.929229558763332
-1.8860920088480926,-0.8941242845235164,13.636077170491838
-2.0339592954900683,-1.2185650952085254,11.744239323521347
-3.0815768274929987,3.7069177889014693,13.333589665983741
-2.056124838632403,4.701255032995105,12.53686528428718
-3.914462702130233,-1.0063555265471793,10.478890513341334
-1.3769854092125335,-2.776725417865915,11.981975991986166
-2.5553136095926696,-1.8733688321382749,8.451044594983076
-0.9825004078718038,-1.6916134860868302,10.959582808361322
-1.3314455140758352,-1.6372701553414988,11.463466244587549
-1.05947050973392,4.405583183705975,8.90947943531198
-0.5488040993597965,-3.402696980985178,10.929967727683138
-2.916447239205951,0.08242513796739637,13.793783292219093
-3.271105645892195,-0.9819762939453263,12.20336136637522
-0.5595300174464475,5.7334944539560215,12.485553247137974
-1.4524842180217443,0.690364520755308,9.985963638142064
-1.6389652435686473,3.0188267382996976,9.73582981956188
-1.1470256964925514,0.06980076134154967,9.907659542231281
-2.732635336213468,2.4894559338338436,10.344210535843478
-2.352396163088449,0.4793183569391557,8.525211110315999
-2.8682991686824733,-1.5032516595539098,11.795936443998892
-0.6921160959646824,-3.879224910180679,11.237939344839535
-2.579897164998287,-2.5867426903753405,11.719112578971075
-3.311244899790025,-3.172086993528355,9.786358278952973
-3.6752380897784382,-1.2318639047530358,12.470529435671615
-0.7778973535929241,-0.7727473406197927,8.972924866658534
-3.5879616142804194,-1.2162364173197702,11.740799667476473
-2.416846872143285,-1.8796186959651764,10.219261500056698
-3.9344333496910426,4.0207171568058495,12.311112571028277
-1.4398514868429886,-1.0170186342916865,13.971784289584665
-2.589583950317323,4.195982973175989,14.005491930038737
-1.5965126471206021,2.1359830893378335,13.147872169285016
-1.646789689890543,-0.058992145474163316,8.8885328403042
-2.5924759704483185,-3.9235914621691093,9.992082961105597
-1.858221075829642,-4.160146638968071,9.167093986047488
-1.7530180251561411,1.3663846762289467,12.834910210982493
-3.9746260264716957,-3.4279871342873225,9.6530341508722
-3.9193997347981915,-0.44059097009095716,9.527467482420324
-3.2256960315803958,1.8274979224359553,12.913786928759
-0.6676576883364915,1.351936163147303,9.872447874114165
-2.8298517449136105,2.2323057276784644,10.447410965362446
-1.3063287953801948,-4.135755057091357,9.93635307538968
-2.4638819969967685,4.634029325158517,11.339454007553698
-0.7029694572987104,-1.8160187049760608,9.63748712925666
-0.9664396330135072,0.903389858481666,9.246877059049243
-2.1780396629067074,-0.8429950763409293,13.572207714795525
-2.2255884755881405,-0.9620130204884791,10.555707360037037
-2.9424622433210725,3.168395618953163,8.805968086481457
-3.9705598604074006,-3.9143635748668393,8.391371055115625
-1.773923293131439,0.8732190481387754,12.736050651506268
-0.8896802907319001,4.3580351012919465,13.880842391331305
-1.752526440432176,1.0711202169691632,9.230730227371623
-1.2081462419610234,1.5255994828502937,10.629629390570075
-3.0543754238194696,-4.637642093427307,8.31349903164358
-2.1759345747821737,5.7475929549114415,9.211335361623714
-3.7094510593043264,1.1394975919903079,10.1216597688964
-0.7101469454792158,0.04408482004250125,13.421036317973735
-2.608913638920419,-1.1715808771404825,11.934151125169597
-2.6614413986100875,-4.045310241922399,10.183110965472835
-3.5176300680334958,-0.42313674827892456,10.82707370359159
-1.6394312000451894,5.362088203181521,12.126910811726152
-3.0782513491382772,0.25719824406765657,11.740737705839285
-1.7429302115357523,-1.546373986921051,13.033832189316978
-2.0900373613296606,3.454976532922645,12.419873679406244
-3.8942612940261556,-0.7412298118230076,9.824406428222986
-2.2138057774757773,-0.25357199070722203,11.563083072469276
-2.2307210043732644,0.4036623451702992,11.40111747943734
-0.6043619478816393,4.909272286984875,12.952163308603122
-1.5515086463067784,-2.4359925928646664,8.376797226510684
-2.1394831084893084,-3.9139221715829646,12.253160717519005
-3.909020734787178,-1.574530090401153,12.535867193243298
-3.16727556740436,-1.9899930203701945,13.193383250405622
-1.8110770195124273,-0.8278536228570808,10.011809139129642
-3.019463078492418,-2.313901088076702,8.429057354508968
-3.398122910296495,-3.3013979761491106,8.621415743323814
-1.501919040741099,0.3796910848409647,9.071918980174983
-3.537286278684614,-1.9811858847960995,10.922109468335922
-1.9169319669946447,0.7527201267972297,13.610486184178464
-2.0875769863282136,-3.2712836345210694,11.662110793465633
-3.1453599907387835,3.694429025594536,10.554156922064749
-1.922206754647588,-3.6473057700823013,11.562980866737838
-0.7170274732167927,2.869226083253168,13.831850097915492
-1.8897973350880717,5.438180302014786,13.231951231304611
-1.991512704383816,3.538831269370551,9.363064244384468
-3.9060763003634267,-3.9208437578920066,11.920594613394934
-1.0989794372592243,-1.9085807349537873,13.856807518772047
-2.5825521647388534,0.48071208511861396,11.21352192274739
-3.5998403580830525,-4.530656193594082,9.160533552506958
-1.161689336400665,2.6931041998453606,11.16327281946165
-1.0402247619836613,5.287654489273134,14.18400700129492
-0.6621253046858016,5.763981830425477,12.938938089556252
-1.2286075677331914,2.710414064656157,10.374020911828609
-0.5182892748150252,3.459779989302998,11.262653814725663
-1.2954051973343876,-0.037658641614014776,11.84786622025397
-2.925593422611981,-1.5064396153145938,10.747468507080852
-2.096700571263525,-0.3279449889365518,11.473938732375101
-3.6932792339819187,-3.7437538903091347,9.84219202412583
-1.374684283001745,2.8103406076008772,9.794656818796863
-2.2290682030543625,0.4837406639567057,13.863304426977885
-0.9485166580183622,-3.251173233476611,9.375792658351559
-0.7412746772030658,-4.056735933756535,12.72434981873635
-2.6658082388362416,2.2202732526426905,8.972429779805038
-2.1334999749185566,-0.6690324759249187,8.432743545932674
-1.4543418970630753,-2.2345968564647536,13.840371291627633
-3.546633719438102,0.2127296389515667,8.869145787097379
-3.513408591933231,5.285648268996198,8.418074891413239
-0.6589046055842847,3.962375088227363,14.194459340010766
-2.452737808441205,-0.4327225220923747,13.374590213470253
-0.7340725240224968,1.1851748286069181,12.461290664634793
-1.3901986509073678,-3.7471251447104397,8.374568049259091
-3.9661606939951057,0.4798480845967843,9.937116036226032
-3.2136190159306564,-4.470115320029899,12.824248530536131
-0.8484809530712738,2.9112085774859136,10.3471538193188
-1.9196483316470254,-0.8452514821916166,10.909678953173827
-2.6278188490613785,1.7180342491777196,8.556203960331557
-3.8190829768413104,-3.819194139109748,13.980529724004022
-1.6828374977601008,0.11136601405540425,8.990682083065774
-3.7712345464859207,2.355332557826058,9.427065677399867
-3.958775853767172,-4.624152880638439,11.9962801677002
-2.0023518758373986,5.000981094590378,14.153241049358055
-0.7554885723632703,-2.7196675911421644,9.183303338338215
-2.3992688048241804,5.670980631560193,11.607092171621353
-2.7075504396304586,4.19238456124279,10.808219416335456
-2.1249072604679577,-3.878828851562268,13.694233433887035
-3.453999904402954,-4.442334771966586,11.382744053669114
-2.6777613194656835,-4.153531813652004,10.463610278745882
-3.168368316546723,0.36331806147006507,11.621983501766998
-2.555858849059958,1.6074143255557125,11.524225306310122
-2.9113869587472863,5.720956174031368,11.207585411179034
-1.265120132212307,-1.3687692246565906,11.890854734528988
-2.51737557490958,-3.6196673916224262,10.074906353701042
-1.1075050114484175,2.6185669549216026,10.23967539419313
-1.437972126884,-2.521046698371803,10.854691745698277
-1.5421286974998685,3.7907084451518447,12.292267675991727
-1.3541385584214614,-4.868565793717887,9.147051689598472
-1.736144327380703,-4.6005139404858975,10.94652248142424
-2.0262971948233055,4.969314663856476,9.75513272169984
-2.65180359309118,-1.8770770221945754,11.514918410771315
-0.8927884762735925,-4.190809446237504,8.904204284908975
-1.526943502061223,-0.8029155238637529,10.424931410710235
-2.4870556787966693,3.9000949683279824,11.73358238202448
-1.0411112904115791,1.8895590005491414,9.387002267453527
-0.6476967893857855,0.13027837775637696,12.627352830397886
-0.8528644761480826,3.2711571981370113,9.374995142321621
-3.5727076289912816,-4.003494269115223,12.504394061808258
-3.9360623145407847,-0.9701197738598495,10.72468736247784
-3.6679294435280334,-1.8821721977746906,9.965554454128206
-1.0434731542583155,-0.07909727369806241,9.081598143873688
-1.8344491513628616,-4.613511374073178,13.523276759201709
-2.026375209438363,4.672153883222746,11.83799998955875
-2.0198767602146384,0.3074952337902035,11.905952453469538
-1.601142695154191,0.8350188400938299,8.49880931878675
-2.8004813175728223,2.244082451013795,8.715260184842778
-3.782189032796798,3.398429221604422,9.453361884079246
-0.7365730693960004,2.0568604891099307,10.636218491598722
-1.4529921007435482,2.8129507332015002,9.001731534690911
-2.242651382385298,4.563287243306924,13.411992606018673
-1.067286106228158,4.307015327801855,13.224152401797877
-0.9205778401002518,0.9180680955131297,13.18912976367813
-3.5544555535435753,1.5083782402678247,9.184557393451657
-1.8467018878804144,1.4666546862892798,12.567631578885203
-0.7377020004660984,-4.894368427507049,10.236427084392316
-1.622533100185767,2.490455041812793,10.100776864780965
-1.05810991680602,0.23022196875209744,8.714652504898059
-3.3234205569885784,2.7989793677604835,9.639921212133038
-3.429640887370625,-2.048513628458408,9.047275055320437
-0.5737277277929898,-0.43574932879444983,8.875922611488312
-3.6182110054706156,-2.243368416484717,9.237304861860748
-3.3761306444682955,3.015089907325107,14.15367782725465
-2.8249029570086837,-3.0795454738314674,11.007049807917177
-0.6065018497600092,-4.38655431943416,8.970676168629346
-2.372412446317385,3.4163852636393397,10.139504944877674
-1.1163080441195352,2.681497829770115,9.568573065054737
-2.3627959985146436,-2.6574903810056263,8.584667550234075
-3.23759874497269,-4.174551608433041,10.749447652084138
-3.2112861379771647,2.9621688209333374,12.80876876541721
-3.7121189569249977,2.4724396000808495,12.306466585868552
-3.25600109556563,3.205300306955298,9.564591481422145
-2.1894568771900316,-1.2529795737286968,12.565928869444303
-1.8376499789622818,3.719905926807197,12.757734597538553
-1.942187595802976,4.424520783756282,10.17672436378862
-0.8180539631484676,5.260089217993407,13.094246305479825
-2.423477575744701,5.525126378599021,8.748867338932957
-3.1948735947579636,1.7610605850022125,10.863914565041098
-0.5924678293121257,4.611548024017848,8.594884859749673
-3.709113409104487,-1.7705596479123025,14.057131365906887
-3.0468785142505648,2.9455188323059334,13.691203202316657
-1.5393244473584087,-1.4263977142135773,11.642755166837151
-0.7526851381637067,-4.76572619888227,14.147062530047176
-2.8976170307311824,-2.074626669904092,12.49687944770967
-1.5867394285136998,1.5049649727795567,12.757324669135498
-1.941334437416589,3.209473504539801,13.047837001920856
-2.985510590000061,4.3512543230543415,11.326028020324173
-3.726612854730033,5.463266930660414,13.626842526539638
-2.325176739438736,-0.7355964690978274,12.702597225099495
-3.397136678162515,2.32695294340415,11.55666315119962
-2.8884167634594196,4.6278278064501155,9.359802688951463
-1.3689000698268181,4.77581712712843,11.3432833437121
-1.447688580976564,2.178374614830685,13.330945030337563
-1.8327967054369703,-4.1229924877384265,12.922279476828521
-0.6790589266693159,5.227025626017028,10.693840228873688
-1.3130977650829254,4.387404564568369,13.28551627855363
-3.8349736090819238,5.227838266407989,8.896937798000078
-0.6916899655295974,0.8644158093566743,13.724232632262163
-3.17795136006292,-4.346660921153157,8.862594113195726
-3.8319883136210016,1.9526058424904615,9.922827937495185
-0.549126647106295,2.136830159688752,12.892873776740482
-1.5260651671008114,0.6435561585654934,13.334753941222976
-0.8147782954159339,1.909096592056419,12.170685894223723
-3.988461986930134,-2.3609154817017886,12.295576799109522
-1.28593971376453,-0.35019415637612816,11.053467645442248
-1.4981375741742649,-1.1994598831495997,10.348872856227985
-0.8987915969458808,-4.070597037217719,9.42946589772648
-3.1721012143707172,-1.4966387235484353,12.393691557842002
-3.7906026633354246,3.6606538277570113,10.460938937978
-0.6304264076439874,4.834713572151051,10.782599791331041
-0.8996482365360436,-4.475755371157336,8.389694693114434
-3.099504222892249,-3.9113844007773824,10.698687151914488
-3.708404318809464,-4.121549491209134,9.293954563715063
-1.525888101661459,1.528093080521022,12.00155292436122
-3.8545727520959985,-4.780314157745786,13.830904158334533
-2.0163855385997067,2.7499730994898774,12.051018071667311
-2.3125472605769097,-2.1461884323641627,10.469362982853282
-3.537834604890219,-3.3210930175750057,12.504258421343511
-1.6890062923410651,-2.043658141252939,12.633035721189463
-1.2941515418937657,1.0164207251128783,13.161327596592017
-1.3189867254631182,2.7566745492864353,10.625138370352243
-3.184191384187493,-4.244189917118166,10.339196319339978
-3.07849859696456,0.932376209610978,10.35270004947282
-1.1595521474529837,-4.094406769724662,13.10676424733941
-2.954906132003797,4.64445541576641,11.488377591770114
-2.648410854911459,4.975305894840833,10.604569780063773
-0.913807126634004,-0.764685492354853,14.174569457076245
-1.6845521391303433,-1.8036398721243034,12.977317076173698
-2.0836830317001382,-3.2791981583555634,12.529001938633984
-3.2264580161571446,-2.6872673580192106,11.629841132399807
-0.8098006222883556,3.446752948630026,11.42460375570455
-2.3600608710948703,-1.8950193408508071,12.334014541932758
-3.6774697693017657,5.064067021854129,13.579856760585534
-0.5267282376292317,3.5815961485307195,10.459250058680961
-3.1334332570133423,3.726609207071755,11.130310399242987
-3.179534237731926,1.5616630262539388,10.096082365398429
-2.9872729179113255,-1.685587466609713,13.791531607502968
-1.4901414512410724,-4.392031737024386,10.435663201195998
-2.6623570349627315,-0.1420118910770034,13.357879884323594
-2.396111491548737,-3.063541115924603,9.06715461101266
-2.3815195262162905,-1.1906086509644807,11.37881454798258
-3.1823644634072776,-2.476744042431749,8.643321681944705
-3.8013351872790393,4.180859761723148,10.47033278787846
-2.452657269499876,3.8032611911597396,8.763353484384856
-1.0652264379362437,5.440226761564006,10.118971560311174
-2.9684742998877267,2.4066654991040837,12.893575797272394
-0.9993897346459293,-3.593853618530333,14.124352705378897
-0.5310203167459022,4.894955785078823,9.534168232127168
-3.076571928708199,4.611937581063092,11.690537124060503
-0.6953808245102868,0.2687073450743007,11.306934391459125
-0.5779805812181977,0.5624707893822523,10.577070372467329
-1.6106594495469673,-1.3960642975275852,11.36028135927194
-1.7003161284432249,-1.6102514798511707,12.275844378489381
-3.2827903834914665,2.3460340098446357,8.355662558008616
-0.6934462808711328,0.4720753185032054,9.369120034882771
-3.7296314255314185,-1.283825228642535,12.293278729577976
-3.795210087286299,1.711824868478062,11.36443281328507
-1.1963217979628245,-4.8306099024523,12.45585850625623
-2.0341104482549968,-2.1395549608636255,8.947589587479886
-1.5375271785955005,0.9246406080001917,11.560682378044586
-1.7749999228799935,3.639277109963878,11.014068760774794
-1.0952923908403847,2.7143498642980592,10.958501986349024
-2.316427266804623,2.9126804777546216,11.753327736783852
-0.8274518493416667,3.543632272271404,9.453061124150612
-0.6066311265062576,-4.373714890647971,10.274603779541028
-1.32213243868897,2.3894305067647448,10.167471201762513
-0.6552147408441726,5.699369937899791,13.281658218593021
-3.08941373080604,5.043713341016597,14.120581840274085
-1.7327307410646244,-3.413820618301133,10.252536735698557
-3.5840829975003308,-2.345763510286191,10.55419359069425
-2.8404297484632046,1.4040994341902762,11.096581991111453
-1.6545054910936137,3.6082783933382974,11.704004051853675
-1.0666164833315905,3.8834464943877176,13.844139657665654
-0.5815135508177205,4.534599371639356,8.330350494940062
-3.0323223072256895,1.8495493566259062,9.933493806727205
-3.8661183168563564,-3.949689728114988,12.611014891087049
-1.843823680982081,1.8342207192329072,9.04909598443012
-1.7980531599181409,3.487946337871044,8.60662213620676
-3.178008161965491,-4.644804887388174,10.528382678495037
-1.9107793820160506,1.583655460200248,8.897424630419058
-2.0416982238693855,3.0349975061857917,13.635551942136512
-2.1323137921758395,4.710541600494812,11.60083862518775
-2.4917606648604975,-3.7301264870782758,8.606514928668268
-2.9914807437820388,-3.7946669702361424,11.297757172776016
-3.8306714207196935,-3.0488730794274943,8.543145613299751
-1.9544171648470767,-1.5288047990933622,8.476584253938004
-1.2033085737247546,0.7418363847130491,12.069156085482389
-2.640818674986802,-3.554919580952725,13.590590188957835
-3.3757541555524995,-3.8892341824072467,11.244133571058043
-3.8875770205420555,2.3232636277669645,10.826883980814358
-2.5743341441283403,4.638701752337333,11.795426355622201
-1.3793845241939948,-1.7814406535446357,8.690490765584979
-3.750411598341796,-0.632509740033897,10.967637684742643
-1.8511345735654263,0.5220711328691596,9.573145026180095
-3.1031305829075633,-4.21459801714999,13.95156035732765
-2.881593541341371,5.516955581710093,13.957836142936037
-1.0931484893870502,5.540666406274907,9.514626985670363
-2.08483356428373,2.9791003556781153,10.808370927117101
-3.7728772066067355,-4.62057432889184,13.126038307752486
-1.6222805889489997,-4.176970769225226,13.187232097343475
-1.304232015439462,-1.8908674550738476,12.797146518640847
-3.1322325501254946,-4.682216982571522,12.404347441730195
-0.6448428190250066,0.2570633329556946,13.397373926054357
-2.1160820917725918,3.0043093218712835,12.733300477685155
-2.4930241512879463,0.23741847672429017,11.006993941635594
-3.503946459622482,-4.245930357623715,10.31440951668746
-1.4387686733616434,4.88565338939493,10.876769609664631
-1.1790561666905344,5.422731915420352,13.983148244681065
-3.9346924418288585,4.2021872032222785,10.412236352647332
-1.8067613559908726,-2.045376102563689,8.761305748760124
-1.2273406285595265,2.4525181041882096,8.828807890450664
-2.5498824018307946,-1.7566828767212361,11.150017221254904
-3.3997570958866112,3.958052169388294,12.721690639660206
-1.8394002835083714,-0.2414665205816453,14.04694834179605
-1.533602745456292,2.441010307899523,11.215324152099642
-3.3937342868569016,3.398652657964547,13.674778855493049
-3.555127346274689,-4.8903220120312225,12.43104189718013
-1.1981760195549152,0.2870265316672018,8.880734769769933
-2.8756120986613705,-0.020090987117831638,9.141150395384352
-2.6365140223848433,2.9711533646469395,11.47173686393842
-2.8208052312526277,3.2601949827551167,10.357283068056855
-2.211541951625513,-4.491989080657264,12.367040539846165
-3.151779637052842,3.091057579655315,10.342692358631263
-0.7292081421308372,0.30714462033134105,9.977207723241387
-3.256263749842214,-1.2830151430486967,13.739305992479014
-2.7067119113982256,2.7768335047998782,14.066227171750112
-3.426761407723181,3.115975632358758,8.456291896812912
-3.4472833627385664,4.327740828445748,13.161085850540147
-2.238993800807562,5.091164779395051,11.259355865692271
-1.358515945289672,-0.48439219379896414,13.644537435452918
-2.9744023275923843,-1.7236937778338124,13.336289088535553
-2.676473278769013,2.3280747280713854,13.573254552229791
-3.612973816205199,-2.8255930631567634,11.175063253762701
-3.221823436136175,-2.732104035195691,9.524695720586966
-3.840063937618619,-4.683635368993303,12.61947577992171
-2.815037487304245,4.722360758767479,11.602961979182137
-2.5817685674374764,-2.7603472639960462,13.476498635335737
-1.494506755329895,4.662764059039683,8.679818746390662
-2.659353865870279,1.572255531040506,10.726576600838436
-3.9223903932982185,-3.591647295355473,12.800602781715892
-1.4329524969533667,1.9173356829982868,11.591577374971541
-2.326678213291767,0.7071153520408897,13.58182557382079
-3.382015759100777,1.4214257261066328,9.041861879677292
-2.0346738659924357,-4.531672075504754,12.480438513600927
-1.7887790111628021,5.464292626248124,9.388235793063046
-3.7557442013470106,-1.150714518730719,10.052996038055834
-1.9282942187490226,0.5762194616577814,11.70786499046332
-2.535109115202198,1.8841049346170875,12.935949761256833
-2.372618536916196,-1.3081359047619516,9.557887802918378
-3.6098589063298867,-1.7730530926031474,13.71246175128513
-3.890675107356747,4.799625438690734,12.26076484318153
-1.4423649794642177,0.24670986007754614,9.422032871636146
-1.0767372809421465,-4.04233793011967,9.152382214358884
-1.0519903377122564,4.994771042191735,8.487791607141618
-2.9673442182244223,5.117906411803121,12.021790024019129
-3.674614925217211,3.8987116475771426,12.478321404160695
-0.582023887557543,2.800073544612502,12.976417255694642
-2.418266666055401,-0.2870669763134259,8.739528845026113
-3.1667196171203775,3.8790986797733638,12.337087857788712
-3.3007839303910598,4.490343404477821,12.341202909802568
-3.94226250822653,-0.647282262500501,10.519786204769392
-3.897317022415465,-0.18722310219853355,9.047249444914693
-3.488024128483362,-2.1457792328875573,10.794092184739018
-0.7599375251805749,2.652756168583738,11.315952062303035
-1.4043095359201714,-1.984837303427991,8.859504565151008
-3.70110170900248,3.587469865918546,11.853022143516647
-2.7234951227059767,-0.07617886408831076,12.309376682944901
-2.8281156571144637,1.5562619732354284,11.466945812771804
-2.474428701037418,2.299635906526631,13.006744008908438
-0.6880660959117404,3.5705680697187407,13.323188258863645
-0.8644792177448286,5.345529114508313,10.078501317405435
-3.447333837194833,2.0962245534173825,11.646703075709
-1.5136710006051906,0.6616181139800963,8.45421426673915
-0.9569004586295833,-3.842091400628168,11.515606458195615
-2.2502167839919354,-1.0520605930122033,10.070193559477978
-0.5274251547905591,4.4253714355732505,8.418047822576137
-1.5014835230798171,-2.975778207340171,14.18163147864325
-2.2183963696498665,2.5423376014095576,12.942552506765413
-3.85904586233468,3.112500601657125,11.034333539603274
-0.934408754415172,-3.7574200374655295,8.643168669479039
-1.309768099423469,-3.9514041014339414,13.136343161143632
-1.9842461783057614,-2.8833252215495593,10.492852578505282
-2.3948413807355218,4.758817407276565,11.777101954411052
-2.5676731981967507,-1.0791098106987387,13.691694417174464
-1.7265964277322716,-3.4703433311498473,13.589980803330262
-2.0436700053102914,-1.5575656725619584,14.197062282962886
-1.5220994173188376,-0.38395257939999095,13.118718706015915
-1.9574461761317772,3.3579958518602826,13.27517201298275
-2.986209860886381,-1.7962618091930604,9.676244591010924
-3.711645628764098,-1.6677417523850573,8.710777687758295
-1.3111655189476616,-0.4333078508569175,9.4943096505788
-3.994283908592426,-4.723828427564462,12.906334481178575
-2.761485238278042,1.108337593240977,10.498024700913078
-1.4773815123334808,3.0457194539709835,11.129004601861011
-0.7819507455899934,5.089593654534081,11.982235419827454
-1.4198540646634554,-4.878669746432381,10.135340147289671
-2.3991473024572096,5.659331081018546,8.301335382594266
-2.6973867319253113,-4.670580867385253,10.616891272605313
-2.378927701287232,-0.1318953365694222,9.059985592496735
-3.184635170977326,-2.2726953282161375,12.181057279629012
-1.7552738550568163,-4.586082009901391,8.737590099448235
-1.6416798825306405,-3.126454729411208,9.004411166125992
-3.079756585870192,-1.159336385968706,10.15522725756201
-3.4815982301969166,4.010824320370311,12.467678642439786
-0.8657515324253073,4.84201067698069,11.301007601179126
-2.8486756678731155,2.920734372922653,9.085450718887842
-2.5824228285287587,-4.756512304187378,11.308895193305144
-1.020414351650281,-4.754261266837011,13.344690915931944
-1.3682185746375675,2.5166251811152014,13.343478071381629
-1.2325318334643791,-1.918811073149945,8.822183940656402
-1.077653624979682,-3.926664924327234,14.087800852573867
-0.9436766090766864,3.3300933484514452,12.378203705899185
-2.0098334422423036,2.4741679715863745,11.988097289223127
-2.808949046309726,1.8738371624974564,10.653282287209093
-3.0965282416101125,-3.65356505553744,9.01155899338008
-3.7473457067090656,-2.1827749796062195,10.823782457000442
-0.8055947673007471,3.0226870424608085,13.178367108614765
-0.9543697331397101,3.1292566132841078,11.892365172398698
-3.44596039091688,-0.26883262859157053,12.91347038620091
-1.4340077833303169,-0.7511282394316519,9.212690576654659
-2.259863151216054,4.9255381557080415,13.6929476804921
-2.4100214248239897,-2.6614007267867756,8.96130638082336
-3.455018421962019,-1.8752480572728625,9.648449417467067
-0.861470854286273,0.3746700166293859,11.344756012083787
-1.2313054059582864,4.062481289879994,10.279037637724821
-0.6367868589008907,5.754400444847173,13.50855495866767
-1.341512940616139,1.6477001291823932,11.597602057179364
-1.7895764202947309,2.665103088076605,12.958851316735316
-1.6929954785780486,-1.4738765693378086,10.388564758281031
-3.9160080604705954,0.9390915214390443,9.537182935936308
-2.6801181039872013,-1.4679026715598682,11.606575340990116
-1.246484743340595,1.4326622219068375,9.9843879751942
-3.3040654337362074,-3.0960738177578118,9.96542465916642
-2.721731088422932,2.0577403752388514,13.842668113846816
-0.5897194619928499,2.3281910978263314,9.765490368721261
-3.087399227295821,-1.6409100488450408,10.626729735992193
-2.986097664834425,-3.8836898133677327,10.957462662979275
-0.9939765265039351,4.456678548750583,9.809712759247503
-2.164623223501856,0.5709592634100424,14.04592948128137
-2.5051107010338116,1.3953696623284673,10.675427153890428
-3.974124652000261,4.704214367564756,12.951283699012956
-3.36374460389844,4.5908350986589515,11.816813956543808
-1.4391031133115901,3.1549531268898114,10.01287758923669
-1.280694402584424,-1.955370499888593,9.76880024777795
-2.783252934385935,0.7524605362389334,9.33864297257274
-3.6212967989490332,-0.3889031065073736,10.350706187601046
-3.485137402146871,3.873522031764468,8.803524193717307
-3.2150104482297177,-0.801310219231345,12.763613814196061
-1.0296335704777384,1.3688572338524416,13.661761135290865
-1.7710450576669907,0.690960993349913,10.598710843755335
-1.0398171940185077,-1.8303407756621208,10.720849753541428
-0.8241187793023474,-4.079391183670873,10.974761666563321
-0.8030057063532077,1.7193097002270274,12.2531630507649
-1.5494794468693591,1.8706891815166928,11.403758042654504
-1.945355466007972,-3.5176817255998993,9.572337711756203
-2.1523157654248055,-1.2660985662633881,12.565138434524078
-2.1386950944429666,-1.2938658494927937,13.975331803551772
-3.537284240961093,5.290411770737661,11.045918887123046
-3.86858002522986,-2.6229943137573284,11.314455185918685
-1.515955488436433,-4.27264347754689,12.447623938868087
-3.7694839384121535,-1.7650480250899587,9.542076664909539
-2.6557722522148755,-2.9487419598624545,11.05498831972733
-2.5931019434519595,-1.670840103373366,8.497924391683158
-3.7315476817392947,1.6502971888925106,13.749951374607523
-1.8469400731544017,-3.633585083796982,9.874898252625929
-1.8795018078191439,5.584919079131836,8.464566834504902
-0.7019763162539427,-4.067334334963049,12.408014766716459
-3.0308882745294294,-1.9644053556027692,9.129591044715506
-0.8182203443068756,1.9723742572055682,13.74866862506584
-3.1251064707519083,-1.0605106724552082,13.7667840385115
-2.440258136528534,2.225020397025734,11.641046915975977
-1.983993042151254,-4.6467044936766415,10.238473576285077
-2.60337017125231,-0.8553445697398026,10.728045274113212
-3.134758332179728,0.368047630906001,13.905314133497999
-0.6890198409791157,-2.2821765465796036,10.140512123122944
-2.7380782305985205,-0.6852578614111158,12.473479889794518
-3.2534302981321956,0.9456868080185146,10.138407832664527
-1.1752177438910865,5.13192719178307,12.899638654108852
-2.7658266719232776,0.32799293545194086,9.467388025804356
-3.221662786369192,-3.2632118253323146,8.303929318695474
-0.5626554956898215,0.3633085672084331,8.552796671986203
-1.7622875416727029,4.55519663973579,13.89281554119893
-2.1756805306800593,5.621239715965693,13.882365618279211
-0.5074290975402258,2.3249952859534204,12.17839555872918
-1.1972274189925733,2.521906550230006,8.738092916789864
-1.689642960649687,2.2479210321800016,9.199346181425176
-3.688570957671047,0.6565310849796235,10.97066888762885
-2.331756812388032,-3.147039751674601,13.630201579352981
-1.6462998907694861,-1.8725119175757379,9.833124766449416
-2.7782319623421166,2.8998136703633035,10.565549408422864
-1.9303748994922416,2.2230520379516028,12.137225032301236
-3.3476985712775393,-4.17873987089164,10.214810328644761
-3.0477591189318307,5.237650351620937,12.777816056231302
-1.682479574137841,-1.5489538938032417,8.819515642071078
-2.8558759856549307,-0.04746457371069557,10.007163827472128
-2.059001942502581,0.28746885390128796,13.434534334323672
-3.04061401424154,0.5052805887004377,13.708116865280509
-1.0802676156152637,2.780084466766807,9.434140367034415
-1.1704136187999628,-1.776451389138784,13.29755729788122
-1.870850262788026,4.220053288139448,8.768533120310964
-0.7943958874792396,4.3411059214691825,13.435236953484178
-3.3022512211514083,-3.584729481497642,11.15225250575682
-1.1701631623842776,3.406045006448643,9.724421334379757
-0.6736500894361539,3.8264837904287177,13.711492303877298
-1.8434826152929609,-0.8476215655568868,12.730201794104733
-1.5936077369160775,-0.4275844846931296,13.717317349990159
-0.5089077129147817,-0.9649801939997538,8.311297207958615
-2.396883797978509,1.7412219934765618,8.644709707809534
-2.4376891749788996,-2.0169181893362675,9.728554520195296
-2.889623996059661,4.724602531944152,12.105784975155135
-3.3568835077933192,-0.35282708918359607,11.474109296375696
-1.9489762000034494,0.7461900022063741,10.466681860750786
-3.810244970418669,-2.092427513344167,9.633406008025453
-1.447205834848214,0.9922947510421807,10.103101605572792
-3.4371436040861796,-2.888548669894964,11.66963374625383
-0.971177452445176,0.320052673895975,11.132248490021833
-1.701825603546887,-4.378784919538853,12.312115236337892
-2.0928775823317234,-1.3307350882282711,9.505360528700113
-3.824894640926571,-2.108608742090862,12.301303031704618
-3.9203497085475973,5.342441658824967,11.723819853144228
-2.223555924948143,4.42435381469523,9.774444252536252
-1.707917617099489,3.8309823727851793,11.406999586372597
-1.7606119778886713,2.1644998379491147,12.807507115854865
-2.087307672036032,-2.08178326119917,13.426329969502298
-1.7766865644107934,4.270705350348415,9.935276054714286
-1.2706308257253944,-0.6815130565191181,13.085238849866556
-1.284532990132647,2.417509106227003,12.623764319590489
-2.719317921342414,-2.3558991906702618,13.51622567192916
-3.523528256234719,5.2933785716285495,8.39296520641413
-3.3273975933163666,4.964721502476298,13.32011885262415
-3.171821915267038,-0.5455698826674151,9.45681217326824
-2.4911610139033384,3.68978496087513,12.55410669676098
-2.829983152141672,-0.9490911327088294,10.68525481229577
-3.7885802110658466,-1.2391928417329066,13.52521319473523
-2.828798518802624,-1.0037610247585063,12.688476622382098
-3.287395780782865,0.6025502127019875,11.54050474704999
-1.7551656649053955,1.9488197012043598,8.335181372585744
-2.9340652936844354,2.854550788953558,9.646800679722626
-1.3661268336107364,-3.7979422455643728,10.827879327965114
-3.060619139338785,1.4463561328772716,11.752044539638701
-1.033227734332279,-1.7017260079658345,12.282053584156587
-1.0782793020060297,-2.1229150406189574,11.555221399136972
-2.304919979090475,4.678025857076067,10.707458497811839
-1.383860377889322,-0.35834479442678724,10.390801076451805
-2.4158009711580792,-2.144090598875823,9.87938227710108
-1.8644948424840293,5.017770383458865,9.62276833844747
-2.686669905660099,4.534339122019409,8.45335311169393
-3.779516568722539,3.5234570042061044,11.887587814199495
-3.3005104988260086,-2.034462862475401,10.059872365822159
-2.059352666599425,3.757596835901257,9.475371517611597
-2.148300334878602,1.9845228485732136,11.238697503397242
-1.0003535423946062,3.4182170894115664,10.342972491829904
-3.6368937150095757,-2.549961567446009,10.103333040494086
-3.61145153922655,-1.968860986008294,11.54831932607099
-3.669296913925146,0.3973335395093702,8.553598427420887
-0.6619354582949901,2.3804154786204084,12.020335619170122
-1.5507487199529209,2.214927513413815,10.662609250669417
-3.1056949259780913,-4.409968119452337,13.494171519420007
-2.4166710174365695,2.1936399755524016,12.024982204283333
-3.8840801834918572,-2.5530686355294634,12.062692970117247
-0.7001050390825383,2.367033635105404,13.823537598836667
-1.1747126209958116,-4.466965606712212,12.165203488091729
-0.6786651903582701,-1.3731906614306926,9.678877728787576
-2.000355841128052,-0.36890122413534066,11.810357539820611
-1.1886796523346375,4.166514430611398,8.534764845592486
-0.7192425901114747,-4.815979166078985,10.411935714294872
-3.7810626607306066,-0.3301594607791536,12.606063809475149
-1.513591895280582,2.9008719887290777,8.894723875886339
-1.3728466291160375,1.254884455565878,13.004525526166574
-2.617771222546838,1.436485414491833,13.463332898325426
-2.0219130844245865,0.6596995218542085,12.78631215707431
-3.15107365553208,4.832063342495216,12.031682348259753
-2.632823190294344,3.750374791468614,13.221858153067686
-2.635556435222998,-0.07987369031369074,11.334896136069485
-3.5813644496450885,-2.0986667597734963,10.295830518284118
-0.6975580009604623,1.2718949633735415,9.312370824604697
-2.1681797765925896,0.9891163924907183,11.969448971701103
-3.9340148721904074,-2.268254040465178,9.226981856583134
-3.167659500205096,5.606871049457011,11.390286342647848
-1.1226275850687766,-1.564275740655117,12.088401997607047
-1.1775009812488126,-1.471210587340006,12.497126435662507
-2.514758249325925,3.779065451906149,10.028246798565243
-0.6381172028530098,-1.493027076717245,12.454616721006811
-1.640037250877083,0.09784995052267487,12.173585566722506
-3.774336608337566,-0.5438514167376329,9.719540988070802
-2.031973108906156,-1.0317088571462656,12.2528332934549
-1.2693241100321706,1.7650380926126212,11.296638925225034
-1.2043242727091874,-0.41677732584872285,11.006653739469618
-3.184356073211834,2.827107543846375,11.260849586916118
-0.8402389596620692,3.592793741766741,9.385486868521019
-2.8605846601898386,0.6284793182147146,11.7113589917137
-1.3578166286956845,-4.511769737774721,12.748334495438407
-0.879872204339613,1.8314871036745837,13.998335684146431
-0.669014142177077,3.6207706651036506,8.561165547958339
-1.1164920885053053,-4.6445399914253835,9.08365232692162
-2.5143327675925597,0.06896444750879294,14.096916636568917
-0.6864849158751753,5.10862672317614,12.284807271983428
-1.4697843452491655,-2.7524437219569893,10.484169122305289
-2.316192911122918,0.9566266987533689,9.826624432081099
-0.9826575229546908,-0.7258698901098493,13.969394094725363
-1.7683874396166401,-4.164657209427248,13.584895932780203
-2.7717862218902,3.1476271420664084,13.280743926654658
-3.1883589786858075,2.3039658944032073,9.4919400647157
-2.4507688968656907,5.020671180847817,13.694154712665103
-2.1078520040076203,2.6864146996829987,13.141257338390062
-2.6636335326856484,-2.4933383730655594,12.982045694190802
-1.1543525604767941,-2.406327025245327,13.007990171055603
-2.319542493728089,0.7901338897403773,13.09960866577904
-3.2243159242784993,2.4762311078476307,12.362679125132564
-3.5876746295186477,-2.0223985840583176,9.069106361015798
-1.9415901679392338,-2.9047572675593507,8.983760044046498
-1.728675367479629,-3.2221150947982897,13.146320310249155
-1.3006161705464772,-3.97332948881847,10.297543608687953
-1.7050865686483188,-3.984847276352845,14.097139111776896
-3.393553034186567,-4.647505351172608,9.954338071452927
-1.4935817680912864,0.4303798834893051,9.777198984198607
-2.019243376985114,1.9876073279620208,9.594688452806809
-3.225847870401528,3.486105896980858,13.470267240055708
-1.250476057497119,0.2784983508928889,14.02018816354564
-1.04963712553405,5.493609617848511,8.971091059425264
-3.6892558736010272,-3.540045382198408,11.17255757280122
-1.4682798441042424,-3.762516901097978,10.565158312712208
-2.769534211035093,-3.0995994941264593,9.820417019271485
-3.1354999679026543,0.9455350454637177,11.731308573358014
-2.036801003455092,1.752870730876876,12.625724587047142
-2.4541580346093896,1.3625912618070162,10.857822127765406
-3.002879478667622,2.483197034564916,9.163519254290916
-1.6987853692857215,-1.9258664819285358,12.947610816597074
-3.399788318801257,-1.4809413858754312,8.658119046508245
-1.2682952050838225,2.35789032087062,10.034101834381017
-1.6344917587819854,-4.366329541525649,12.912039504983564
-1.631751443559537,-1.7544604262769,13.024597858614193
-3.2213142732433138,-2.0197597403946377,9.888878454906399
-0.9452724634226648,4.6129649996647615,11.593657012367146
-1.3596953197386479,-0.1811192591416928,13.252062338755632
-2.2716189898941863,0.5972283157975404,10.591357342947143
-0.532990235382623,1.834159312905494,9.981541552329432
-0.6095600639470402,3.866989285622875,9.83800054427467
-1.0425906903709499,0.32776057466220276,13.621534398134404
-3.7754016164713406,-4.241651968427539,9.951509025905242
-2.3413305360767165,-4.699425539141453,9.958165117355382
-1.4970380312519311,2.029786575656515,9.274814904503513
-1.945644807537,5.421379518690685,8.603401371810373
-1.649553471238773,-0.4380502664457815,10.333426404581875
-1.625158223656547,-1.5202507322708736,11.136751479801571
-3.101272430578882,0.7059068433612152,13.433429465019495
-1.2333726599943362,-3.850394675979757,12.443736248139698
-3.8970851185884543,3.5001357427493236,13.345717844751888
-0.7160782341569267,4.7271848616893255,12.30633456261523
-3.522447562494316,-3.0844603486010023,13.785889832888518
-3.43928201245456,-4.025436656251375,12.590688681414184
-3.59954956613008,-3.2725550576594546,9.20884457055373
-0.8032890524745606,2.0431172213195694,9.231111734968794
-2.61937056103936,4.475292169345272,11.954042607104412
-3.569451166676427,-2.4514426769544535,13.601894067492811
-1.6698364150439144,0.13524745531492322,9.487752032223847
-1.0886517856920759,0.93389628005571,9.563054076255854
-3.2209425491081376,-2.865952597650406,10.688273578801507
-2.9262804961612963,3.728461844413177,9.57334621485213
-2.8638820794785538,4.118748210075523,11.166533222294952
-0.6006460461330421,5.738374827180419,13.206500355335734
-1.4061608838946906,-1.0104033430008714,9.027144475744999
-0.7162453490378051,4.723599308897516,13.455884718679098
-3.8863955299286763,4.231533963437386,14.154109175120398
-2.5378543169192342,-1.703790875923152,13.515588279622024
-2.6908592772214233,1.14563168597902,11.20944464678596
-3.5119254795062123,-0.7744039673088556,13.811452346455047
-0.781545928390774,4.434212195768092,10.414644553100405
-2.794291068058529,1.880946739504588,11.70393843086405
-1.8561085268269895,1.082887442741499,11.710618223908432
-1.4214624346330926,1.8340709105289577,12.023373492862738
-2.125657985134838,-4.41943259881002,14.077141575468373
-1.4319761439617964,-1.726657124894742,10.575986707457883
-2.703852353673262,2.3735845803113973,8.440086549862995
-1.1652652294190746,0.3181463099277,8.721850900712472
-1.217787694068876,-1.4698653331123102,13.307456965972317
-3.37446519497645,3.378444625748797,9.386064881682367
-0.863473031666667,4.6918436052833385,9.24946430307007
-1.939791859536499,-4.257282060006696,13.795423569331348
-2.1461137799123158,4.58356911749738,8.475171070157973
-0.869918677951484,-0.8964828733456374,11.481869679434158
-2.7391957569981775,4.008586344501147,11.844770600163564
-1.3390351379077794,-2.175473424305153,10.980131737093357
-1.539565314512263,3.685689582636625,13.49498419801264
-3.9246011597529034,3.358068438354879,9.4554574336393
-3.0793537606212884,-2.921425888781031,9.781762893750747
-2.4402303830574454,-1.0422278208853952,12.535023786081211
-3.7474631113077526,-3.8746321988780537,10.858495012551689
-3.997714378079114,-4.169020634302982,8.318657332013586
-3.2602262600348553,4.973904270070246,11.400335144333075
-1.1231352102465824,-0.9867554588866989,9.588689192872456
-3.337353996212644,0.6604876615727111,12.02171301993704
-3.7118611273320052,-4.371408995001491,11.097846743772191
-3.992769384768023,4.024703701008395,8.338232415415737
-2.754496678403096,3.27059081641403,13.015575602546429
-0.785471116815255,3.5077304008598187,9.318103813419011
-1.3930498280725057,-2.040648721368829,8.825798820112853
-2.772412131498294,-4.197802428626543,13.795043472393122
-2.652551696560777,0.0927655203399409,9.10433339967455
-2.883183600419056,-3.4278713109253127,12.495645296683236
-3.8051699076465813,3.8806586501473213,12.377153475233099
-3.1214112365673525,0.849637018698326,8.695911697514342
-0.5421744416091077,0.49963719808838025,9.2870971317102
-2.732294182312008,-1.6994790157985515,13.357390685540533
-2.3931647335330526,2.6816662385236407,11.171619324589845
-0.7988356187070242,2.543063970383238,10.678191628475442
-2.3806864022567873,-3.2402889705805182,13.130018243241409
-2.110607830630066,3.490340010733659,9.04137294131543
-3.65004143897904,5.741583594568143,12.080491290671695
-2.8883009328019056,5.667190776909015,9.47769256170858
-2.3636863288834964,4.145561380207546,10.354907126811515
-0.7121762896518442,5.0554472252855,13.62336738215481
-3.264455146486503,-1.8563078415082077,9.839062491559107
-0.8028307218137458,3.5977090164491496,9.77133128883624
-2.8386343709709925,-0.32739475372979054,8.504268350279267
-3.738668338279397,4.498047701018731,13.952208661416881
-1.3372357956163166,1.772306541130864,12.189889741164198
-1.7391709930640804,-4.122112487714988,13.710113106577463
-3.3639733552029876,5.5986550403425515,8.605915128989736
-3.804238178884065,-3.8987780729589563,12.721979594967301
-1.7262758721482117,-4.670747220818182,12.448101788324749
-1.928960217811989,3.6145714806536002,12.152297006725034
-1.5789666540760252,3.0365276860982906,11.035692306288091
-1.9428328013284428,2.496561133206538,13.535357035158086
-1.4121408789206882,1.145383301509674,14.123231751698953
-3.450909819250587,1.1210145591416456,8.806452015124572
-3.0522831922804112,5.506542855087565,10.00847131313342
-3.5313045026616856,-2.735926797221953,12.254731785727893
-1.4447049608448999,1.0435725648459844,13.428704343603489
-1.1897176182866875,5.762435654287106,11.61149075035529
-3.2226562249477015,-0.8008119626243291,12.591419116609064
-1.30889843723629,-3.7431939071850433,13.071503862097778
-0.6913620283234239,-0.42620846352656727,10.2621372478195
-3.8202511135215342,-1.2309680881699072,11.495743937779325
-3.4833902693189382,5.258598397244194,9.540424234742442
-0.6211986186453724,3.1507042583215767,13.293049513974948
-1.934028221701943,0.3948451074921735,12.087954432745754
-3.2663087155621646,-1.9415221042893562,11.230473669741576
-2.1353495075780096,5.730643102158286,14.059064155512036
-2.585098307873465,-3.415802233377832,12.223907050579308
-3.3365347127684832,3.7246944755405806,8.897566652631808
-3.770657888967157,2.7162548961612023,10.526842831360453
-2.4236879428424674,-4.392131314814872,8.419664277847872
-1.7118222835361219,0.13331377285471913,9.58549822456385
-0.9072246519546199,-1.8554134459886944,10.494825397272743
-0.5610952915001417,5.453775587743431,8.413852433036226
-3.8318270191666213,3.8159643846504547,9.873821024462156
-3.0155209798140357,2.082508248191024,12.137861591452365
-1.0957199446161834,2.8334494919651334,13.610196214065603
-1.8851615082737205,1.820677317819114,11.383340589816768
-0.5382972081587334,-0.7454231463106114,12.04250635500266
-2.7790731464853873,-0.026043844422891205,13.43329123046242
-2.166345417123029,0.054438374389568445,11.05176469887304
-0.6231648179046343,1.3172683256592101,10.334812373639428
-2.1929160583614333,-0.9941998323390777,9.079340752487099
-0.5617875901283704,2.5453032909944344,13.439439076644073
-0.95356384943761,0.08162081509223462,8.94752505041879
-1.052845537529834,1.0418351451644146,12.74779341754239
-0.8615261899668116,-4.461211023734346,14.070790774263479
-2.1172661774610733,5.479599723640678,13.201320546466977
-1.8058286881996315,-1.603042778724049,11.7599340485115
-2.887150957742127,2.950577074952614,8.77946985194262
-1.2712976271539982,-3.2253419811305344,13.847205977599867
-2.7991026377859187,4.669017552564517,11.53161025359515
-0.9130331262568632,0.7583892473200562,10.922802352018456
-0.9977312669076408,2.4548051470379963,12.849758019083321
-2.169696480009385,2.821485977717855,10.335838796360676
-3.400741986428754,-4.38011268794817,12.17895036556098
-2.365642235959947,5.74823145108118,13.854707983616343
-1.9605476951822354,2.8288520604271996,12.458481195291611
-3.8616946167421,-2.7066971273733165,9.506199340193593
-2.798295446546733,5.43780295453023,8.849718358108456
-3.184433290831986,1.9671500245857034,12.461920509810735
-0.8553466161240131,-0.3932570075525694,10.454170996357647
-0.9939388381840821,2.68467400729591,13.777702175855637
-1.3278716173955476,5.589999863659228,13.07270082443127
-2.920787413364386,-1.6605843211650657,13.018545240347567
-1.9321566235916454,-4.740381224766896,13.289035910031956
-2.0021543197943252,-0.75483964636277,8.946482495208224
-2.295031051150286,2.922698285165911,9.473244636494368
-1.7258100206186198,-3.143598991909844,10.451250892782728
-1.9046915072575699,3.4382322045608475,12.995544828578486
-3.8492589714962953,0.18947079261242372,9.526928621494326
-1.7356109226032008,4.576836815798593,10.03903934703461
-1.753568081886467,-0.9115167690971231,11.860456505450102
-2.8861253255612667,4.507951341985978,10.132420571318363
-1.6811500175891654,0.6441014936599352,12.044419423747595
-3.657321695130915,-2.357846862158333,12.98145900688742
-1.0819092304008953,-4.151839567706092,13.10422670533869
-0.6193808309660507,0.5641205938433966,11.28062398331432
-1.8342335394074238,-4.531540880509581,13.709648149835449
-0.9231205682758357,0.7580456085364631,8.712258284603672
-2.359952503829173,4.612971095440908,11.350222868369789
-0.8133732595131917,-2.275575955774166,10.38957405436475
-3.4124633695164435,4.3809672363384315,13.04108700154188
-3.2004565871449637,-2.1245266228160062,12.077001802940545
-1.776958240170476,4.275963462551392,10.881027681534594
-2.540668128625857,-1.7560810475687956,10.465772949014845
-3.4376690143756683,-4.266364965705237,10.105971098793072
-2.2187516416119015,-4.802124605802721,11.791631118583226
-2.014639016120634,4.508726063462975,12.953017272812176
-1.6308493960356123,-1.4110259524430595,12.156035566614854
-0.8549528213062461,2.199532387563372,8.967002982552982
-2.5365027222869894,5.341276485869132,13.248454573102848
-2.6878183109319447,4.320478064825334,13.111552504077512
-2.1255140774614247,-0.7210542840302523,9.733295548194357
-3.89282389460719,2.1195869867466675,12.662524327149189
-2.7949841377856908,5.388727287187187,9.535163661982422
-0.9073517446226056,1.4803663258215467,14.040267820526923
-1.196345281616546,-3.549911374988098,9.235349553146365
-2.568273826123481,1.1508200833836186,12.993199877412517
-2.775998434636961,-2.37106539157214,11.053553798621795
-1.2714512108644707,5.262967813847622,13.083603855566198
-3.203405037530632,1.7840765189489494,9.527102703764218
-0.7769475301072952,0.6293773759778967,8.905540808900934
-3.5585762834496415,5.400723176853974,10.989713575624283
-2.173895876452473,-1.657920347425284,13.39517189798609
-1.070243045011865,-3.633244719048093,10.188855757696427
-1.6250974704068732,-0.42075224406768363,9.02755240594974
-1.220867169660817,-4.698249204895957,9.157341018556554
-1.4459797497547187,-4.867763577448126,11.48715530383235
-2.2857744635643433,-1.3791146815208393,11.055403962017293
-3.5959005439879372,0.10915619113878616,10.300784195816105
-1.623164770378601,4.959166532629379,12.216127690331428
-2.38559663116998,-4.337735227953253,11.475753631267418
-0.9584303532439367,2.5222845818078907,10.908312268516504
-2.072628762670081,3.7860346869309858,9.710563797256045
-1.990762918408802,1.131160729013767,10.926520898581584
-1.2764940428460667,2.800147613074392,12.7286563756664
-1.310358678618182,-2.8128804805268084,14.126565276270977
-3.261645066488902,-4.2438067028628,13.032629327771902
-2.0252364509186034,-2.0144437852068546,8.895332444934963
-3.05115171194815,-4.398186118920239,13.28039208494518
-1.1953087487889889,1.063811967429018,10.740584742098283
-2.416061487381265,-2.3286809025519717,9.932813002681879
-3.2955913067454166,0.5260188305195088,8.525822446485451
-1.920934035615363,3.767956741540674,8.609940268602974
-2.120327644581621,-0.30801311917203567,13.764175190598792
-0.7502006941916473,2.3408579728209826,9.203162788036423
-1.9689706732444208,2.354810856146954,9.533840206765777
-3.6967023784102078,3.9961589283767083,13.306272349366822
-2.1885253305725483,4.288162197625759,11.582176377215065
-0.8729123916141401,0.05196889933320037,10.380192578505037
-1.2541860045524098,3.3071664601483324,9.330104792196403
-2.4199199475930624,-3.2405787636634376,10.284823565470942
-1.1909313019104326,2.291136414207827,12.010997174157371
-1.9725285045836123,4.069542247994795,12.718723921654181
-3.9340987525358915,-0.9448286134634385,9.383308850910996
-3.00032178975365,0.5939454617353146,11.543890943228893
-3.065958453600354,5.023295854086294,9.249994791714972
-1.7665593537925721,-4.667657966828827,11.110646879610115
-1.1540409762147261,3.01947777599839,8.457258809408037
-2.8474640306037218,-3.041887748688451,11.450681611999462
-3.541795272895045,3.79495769492093,12.05335462707232
-1.63059969353393,-2.6771861168797937,10.143437147315547
-3.5321428264221275,2.132572356149872,12.763301834450111
-2.4704300904846983,0.658638990701526,14.051752336467796
-0.9788912915549366,-1.919069856930828,12.035474479512445
-2.091969314214257,0.6523112896469181,10.110845850744306
-1.0082427310566584,3.1731779423303497,12.940365952432616
-2.9766211115475043,-1.7326009013571442,8.454603270289514
-0.5687508352145612,2.037959142933949,8.334556170679623
-3.931575907082122,4.154713046042428,11.120761306261773
-2.094267464639819,-2.484386920093612,10.00151145971899
-1.7063335351453595,0.47459126956290376,13.231520206217397
-2.1792320095595006,-4.539958057715977,13.037769114173285
-2.424782173093928,-0.12021286507774853,9.775862421902836
-3.7291780652449904,2.169920510428123,12.741034187286706
-3.246805535267661,2.8078743772929267,12.192276238655333
-2.1627796195239304,1.2312671644310695,9.83094922296359
-1.1145796544046132,5.410291751115896,12.676383043787702
-3.97867070820282,-3.560758903507076,8.819754432420432
-1.8541108279217995,1.0190926365530846,9.604772218998827
-3.2364511271082153,-4.088540533128313,9.039906813676602
-1.3598223827085678,-3.383591400886914,13.59465748289951
-3.293519346551279,3.223681711677022,9.777599443757978
-2.273583332229003,4.5361188122896134,10.318132706858467
-3.3542421804290985,-4.301411463518351,8.311822660419468
-1.2411206810659428,-4.151713386200079,13.190378866325165
-3.6686286961372585,-4.148993741844745,10.048847616913246
-2.9179305214238993,-0.9155046844761396,10.20714607378066
-1.4575033572035743,-1.7719645529158,10.344596999117316
-1.3436705169824208,5.252900730531648,12.982982221008534
-3.214065248283485,-0.25743039642107224,9.366587669973823
-3.417431924306938,-4.7124129257175875,12.516277908981364
-2.2568678754245024,2.3381926854913324,10.528266445412076
-1.1524796976065064,3.519707687379583,11.74859991366014
-1.1025036099863947,-3.500791522580497,13.201281717406408
-3.8623050022200207,2.05521554254715,10.287380755999736
-0.9952570942942058,0.038553392218403815,9.633311414546187
-3.6681013508254954,0.43163276255466965,11.80532827154572
-2.375281848414909,-3.1078861470569006,10.211301084157954
-3.9628586352040385,-4.750958996436867,13.547977932725008
-0.7058222964488508,-3.0450569094249973,9.034080195835278
-3.299035162229168,3.393280048411823,13.000059400219232
-1.9690840129874077,2.338125739691937,11.060574230592675
-3.9162100265708863,-2.4570752783057737,11.00492601653911
-3.8445805838434017,3.9111731283840534,9.060591523711542
-2.1122724708237133,5.3674527985783325,10.954626827233831
-2.2639115089360713,4.485923143858583,10.154607697246869
-3.7689809409919564,1.1037315177240865,10.354222899857291
-1.651311853497977,-1.3773554411906055,10.391891527761548
-2.1392344648728465,-0.17367695440258757,12.900150799957556
-1.7051583877732872,-3.4518762570044226,8.868570264783864
-0.5520344340184833,-1.767383902247829,8.936412520278795
-2.417137410685286,0.5851300941283153,10.09754996370401
-3.160071188027101,5.175252507842609,13.034556772120188
-2.278911713378741,-0.13881913134788793,14.119482734926038
-2.7070656078330337,0.2647635505472987,13.119206322794863
-0.7131553522267917,2.287411951399239,11.797174781217977
-1.6167655941939607,5.637987469931064,11.97360474029929
-0.9526778018135857,4.240441525792592,9.346401443737037
-3.5924381146871784,-1.3795700749643514,10.257661057642132
-1.3132609472250705,5.279820555766335,12.724192147740379
-3.812623941986746,-2.9344782067307884,8.731918072450894
-1.4235873849652503,-3.351387635593722,8.679130653288778
-3.379277836866799,2.198047251509702,9.764458985532025
-0.8908736880608266,5.4980949741373255,8.95492093707886
-2.8148123790198363,-1.7793782904417914,9.158714159680441
-3.871440282748509,4.450309206885397,9.931810293571948
-2.7390874251913733,1.27860059257255,10.537408626718843
-2.1030758195264783,3.063306976929532,13.907534943427674
-1.5889650329928813,0.5426010958435219,11.072756836220528
-2.3585516720867683,-2.4236553276472748,13.240185542350174
-1.7125590674235003,-4.0150510491849705,10.845252142673788
-2.645106680619512,-1.6471503625593158,9.47566062237341
-3.4939499017904163,-3.621525067183095,11.42326721920012
-2.0438726954840076,0.9446121273152208,13.187993728272788
-1.105461059278816,1.8700122690312906,13.901262059941136
-1.1700616128111232,5.138988022716905,12.301879938759992
-3.9413148203219395,-2.064484893697471,13.62881933438107
-0.5822660076337649,3.0249570126585477,12.724300157348669
-0.7772752177329196,0.5534107987247738,11.089905715106005
-2.341879739001471,5.564014780611771,13.456841357836588
-2.7264532100024628,-3.12590296933904,8.588538762727415
-3.2863108247358492,-1.0131299283838158,10.883894201853051
-1.989339910481406,-2.94552823117421,11.991784529969284
-1.4878759843235336,2.9609941831707323,11.421067331602464
-2.385949770853112,3.5712015749407193,14.070275621399876
-1.7324448017001357,2.095972239014415,9.474030721535422
-2.2141019377799136,5.5115761943565165,12.594454898471138
-3.2018779877437273,-1.7192801007574805,9.860389415430134
-1.9297897473574528,2.85161137733113,9.761719373563388
-3.848579748084295,2.595105682053288,12.84563129218781
-1.1070886372751279,4.97472418985401,12.68186097337443
-2.4289384755009134,-2.582891285823446,11.835493933220697
-3.4771703920556947,-1.466810245425961,9.891004317482412
-2.2350702611136652,5.280178849979686,11.682644684667263
-0.6882683302094414,-1.613064823897997,9.474256083556366
-2.4511074150156014,-4.795295489585232,11.086470815918464
-1.4973092167811162,-0.8362863817369446,8.54460805673472
-2.702109915087111,3.5442732846123963,9.82089173405746
-2.8825200283439942,4.138651469849231,13.358336639029133
-2.4697577370802044,4.1698111747476965,13.828384782758251
-2.6404317650246276,4.198398960713638,10.98726797964451
-1.1552661290190622,3.7377662075434976,13.675358021087433
-1.91010960233457,5.146258218925626,8.311614766848157
-1.4975683076092379,-4.040442060393251,11.337914550653998
-2.1233990373250293,2.61842871222811,12.630360212446625
-0.9833526600463482,4.440891987514592,10.415704098379354
-1.2012673389505504,4.40533421068613,13.454311538159892
-3.352195845751559,-0.10344355169038266,13.372467558905887
-1.3961692613618513,5.012955830598335,9.677325408057241
-1.6348711031285212,4.462595166774834,12.599030613087915
-1.990303535353529,-3.947581123849093,12.349849574870358
-2.1722516109758385,-2.488655558052526,9.943075640162393
-3.519930953447206,-3.5085824605226867,9.0895671365213
-3.763099534639248,0.08338615561558438,12.239813244913341
-1.779342347056056,-2.633220795203033,13.18500200805543
-2.9993632155215244,1.4689156083536687,13.742888221625265
-2.4515226253192335,2.7028273532800746,9.822061845767381
-3.4348408372348107,-0.776640002967846,9.364067415965335
-2.6952746536036347,3.364627332502751,10.682571334620413
-1.9835563504658245,-4.043512147533112,13.065798342925106
-2.456478047709884,-3.3140628636949816,13.571850856994836
-1.966089550805754,-1.7069591851710348,10.72371999382853
-3.5012132612336355,2.874907122997124,11.920109946829488
-0.5292033688798239,-0.3574528105445305,13.527483180811917
-0.7544485776558867,1.4423229749788895,13.4058441289582
-1.0134228942940746,-4.58838130493408,11.574376194819006
-3.1040677343950662,0.1392984393862493,11.530702391173804
-3.4807707448854575,3.890188478931279,9.759607162334559
-0.5575748354240311,2.000008874631834,10.711641854218993
-3.290302578078824,-3.323615966506798,12.381303722832172
-1.5567130914138176,5.740521602191071,11.505809236824994
-2.812703775078446,1.277351696233735,11.405988953715196
-2.0062775210331405,-0.042288445230806104,10.694544685921404
-2.966272394014751,-3.173287980562319,9.867943489668779
-2.4037709968959002,-4.352192570713125,11.525817047213229
-1.9441000367345511,-0.15090169554025668,12.61811462482124
-3.6256634179814164,1.715877403508249,8.612605918665073
-0.655715781220624,-2.7748765909387716,11.955703254404042
-3.4149823129698857,2.5928870956508154,9.67309682050859
-2.776806971469685,2.1703388295880774,9.368450863408677
-0.776028191620922,-4.175605787006433,12.105259790343268
-2.437112691622922,2.4323643431645348,8.93590990138452
-0.9772896004343448,-4.403545563467829,12.754064608093046
-1.5665020159648169,-3.884197791327506,13.098915639164929
-3.551044643455268,2.189820577570771,8.93202967713611
-1.2644773817289092,-0.4116774475738003,12.347583615880763
-2.095074523945055,-4.255836787735142,14.198862959815674
-1.0284236025629911,4.543246868047133,13.3666625260569
-3.7969114576868424,-3.5302199463516537,10.296969322738732
-3.8798176922744836,0.2946800920255708,14.06335150490656
-0.7914112204830976,-1.0968057509608333,10.23969159846667
-3.959259834204174,0.3738573161622716,10.345549765415296
-2.144174970221121,-3.618737199292886,8.882233732740765
-1.6456942977135292,2.135922864649463,8.365695902944553
-2.5675288904297444,5.223489460318836,12.918624285383276
-3.62263495385522,4.805073175814448,10.122052300738629
-1.2152733963421491,-2.4429657249352728,9.368137964082806
-2.320114856854102,-3.6511813665891553,9.227719421654418
-3.494684668374823,4.433065154693713,12.663010323190237
-0.5671497757886526,-3.107168598459518,11.174319471683583
-3.33644267841417,0.3334729487041974,11.215861154936263
-2.5047990017937325,5.319791402588958,12.247499562010098
-1.9956357848657205,4.419583443414879,12.406033442994167
-1.1888171225880768,5.550991755165057,9.793285843700984
-3.732352071742381,1.01617798567516,11.432110669855119
-1.867238075258574,0.33260249350087623,11.982254688254049
-1.4407520594129757,-3.1598498445699494,14.06431779228608
-2.5704505614110404,5.142223318907201,10.718150763667012
-0.8420396013524059,3.7476211875543033,8.980575018266274
-1.857138592068221,-4.776161228308295,11.403631389621834
-1.7630313355660143,-3.3810012504828286,9.685528192176365
-2.314567914641848,-0.5306108740033189,10.596166652030341
-2.97777358516026,-4.5667101337045635,11.207023005173594
-1.8451810165027651,0.03970566483215254,9.959269123411215
-1.5175879167109856,-1.7721187468156483,8.69783207353718
-3.177501366302023,-0.9621970709205896,13.558045754727896
-3.291544048101665,0.9877829726548217,10.3664179594066
-0.9029814343424292,-2.970829093752981,11.392380307887699
-1.0531366667331103,-1.5803913359374753,8.489151691711148
-3.6874167700570233,4.208754050338591,10.948194687303818
-2.2128411631101574,4.2689541093404575,14.129929445899023
-3.3659576069698205,3.0707091206542207,11.856023514970385
-1.8658863937898236,2.6369137525594235,13.385364480566817
-3.6071609357269145,-4.362539357784092,12.003591247006355
-1.5516295267236098,3.5193375930449076,13.328830504396453
-2.771255544639451,2.638425599689893,10.493484177091377
-1.038165142170321,-0.5043100144999144,9.563436219202428
-3.554574903280676,4.406403836575487,11.750151118796053
-1.3564493726086786,3.5633347287594574,10.802183420268614
-3.9891598376899964,3.892515479844427,13.73911448275112
-1.9687061019725265,3.267591162152147,12.768036876959293
-0.6418770447653319,3.648305247125517,11.173371624802774
-1.14565208551888,-2.026382242734695,8.414097741372498
-1.6893940225855655,-4.831466566622941,8.693963236439279
-2.7219454979553905,1.5367096080554266,9.22066999247415
-1.1039570595699173,-4.5024787511792175,9.471475548998898
-1.634691214086688,-0.5077928816330601,12.222154964582378
-3.2243538082638024,-2.4037826440962213,11.982133539200184
-1.319969822743794,4.496512730009281,11.31011021472792
-1.0884553242520685,-4.67912858191121,12.645852669342066
-1.3055589553817843,3.0301682800700753,9.686854080962428
-3.522626313260035,4.975758635507676,9.563023978670458
-2.4109881264602193,-4.708806106250841,11.03063170685962
-2.5332922461905127,-1.1743279229761465,12.936482247612947
-3.458684651841838,-2.3559437468357762,13.833394334098353
-3.5328527529410674,-4.075463652784162,11.595796154807372
-3.082876380005292,1.8124176296320522,13.685011341854402
-0.7254471986572395,-1.1007589521433463,10.607681419053451
-2.15670178210602,4.867375719203288,9.488205645898107
-3.1226465606389775,-1.6110789553119096,12.086733804518662
-2.627804681095637,-0.485118841163259,9.073379408972794
-1.254790208781987,5.621282489065358,13.717119245556967
-3.5277334472605495,1.7597827033477094,13.086467782456504
-3.41113085877735,1.3537078633455213,13.910697191433083
-1.3425674656290196,0.1993371667511905,10.879355730864706
-1.0893706660920328,0.8262976072617052,13.330649669397461
-1.3225655660387177,1.74554185302617,14.13661327831807
-2.390419993960941,-4.143488068498629,13.401708269547392
-2.919205462152542,0.9204248637652608,8.432341525811918
-2.476178062683461,-3.0499053813819526,10.935593061066717
-0.7028606900334093,0.8268063669479089,9.84516454669875
-3.179084080839283,-0.5507441896389658,10.994695569908668
-0.6194087214867889,4.103996753722871,12.173502487428637
-2.243819643931646,-1.5957764640314114,9.773280886231904
-2.0780537976586775,-3.78829252381509,9.396605110150462
-2.3153056740906366,-2.413659528813342,9.900846005586134
-3.657989633534987,-0.30195243144870076,11.942861634760852
-1.0491644057012826,1.838527129617698,8.476756631243711
-1.058277631049732,0.6476005448770126,10.331472010540164
-3.168924266770308,5.561821291166723,13.170788386996055
-2.5506075146125093,-1.6992194329236443,9.072667332679549
-0.8927632383809687,0.33089941662911926,11.43161270509453
-2.39626293649945,-3.4557471303374836,12.711281344203599
-2.9872131083558626,3.005997854952555,9.108971878156149
-2.206853872543882,5.154753775526222,10.040054891490293
-2.682549312124815,-0.9006366401557973,11.564003772955918
-1.4125000159792793,4.770627945269585,10.523592852908223
-2.0755506293252743,-2.8146581720210078,11.943452590142098
-3.330535713036694,-1.0029448967147503,8.46290246166187
-3.4004660435852916,-1.5133545675952464,11.243066283243289
-1.7623650797790291,-0.011411674832419116,8.333979580874916
-3.8053148050084853,-0.8994725262980339,8.392547125715748
-1.7324612507751214,0.9965407649613462,10.535531185809877
-2.2125523754824044,-1.7580729809899833,13.576690830002846
-3.6501504967768086,-0.7583832411507796,10.06032041481241
-1.7012108130718024,0.9970051979946613,10.973535568829467
-3.1102561171606924,-1.2537750081045655,13.884788423791079
-3.2779524032601333,-4.13349771363969,9.231966102866751
-0.9022276495370347,2.966612273161978,14.166784453383697
-1.4470610436750055,4.243428014510741,11.118181322602371
-1.9360819107519518,4.305975204964714,9.343387235298028
-2.7351096247271918,5.370004582311227,11.764028703518745
-1.0588592946895403,-0.8282692536520297,10.83683023389042
-2.4247733086450003,-0.22848289540220978,11.7455533104161
-2.5063454040801263,3.738764977216505,11.437810930709762
-1.026878835387596,-3.2322722795422143,8.740086004557657
-2.870547239858951,-0.6073316101597532,11.496515334521629
-1.8516760471797764,-1.1992502364329405,12.630290324268376
-1.562517937473669,1.3562854653478293,9.561543303377332
-3.3109817424970753,1.3429963237296567,13.571501893169224
-3.1010963553706308,-3.603306469248527,13.296914984887636
-3.7871494255321885,4.000334925148909,12.964466806413064
-2.363898402412966,-3.047467524182535,12.408621093441859
-3.63046272045603,-0.7088224789311006,13.08443613024346
-1.6582326381084593,-0.8349558192032616,11.679626321049177
-1.3620185202336628,-4.65171496843468,10.173173212453092
-1.7620477966584462,-3.2952623002843326,11.556524239408102
-0.5760329147224166,-0.22625308829048674,9.434182305857227
-1.4519166425388437,1.3307961930506078,9.01023477360419
-3.3205705175927247,-3.5797189763470127,13.676943306095769
-1.0692059231934126,-2.4035920543200935,8.832934556891718
-0.7246294517088785,-4.040875823367189,8.362596564248872
-3.9733097427168067,3.0145794310345924,12.288869167150043
-2.4628156849969516,0.9134849953891759,10.656167376676684
-3.841866093972921,-0.6170818977740229,10.881795313719087
-1.9872300701273966,0.14238030874141394,12.009201696383498
-3.7703615852617545,2.787776300153711,8.945733824655775
-3.2911619216431847,-2.5034069176994604,10.444303662430851
-2.372996631536772,-3.5078843065246055,10.741452407062598
-2.205157949297267,1.3169958270130415,12.908156181071579
-1.72712014790431,3.0984224959275997,11.498395357005691
-0.973450075734819,0.2489398925053372,11.322183579921877
-3.7676956204810006,1.1712284203920538,8.316752503225953
-2.4215845963638745,-2.5718345877732864,8.464012125925988
-2.2937305513771475,3.018619659760776,9.199182708762265
-0.9015971332574675,1.579466567532661,8.350163463622623
-1.1963705626840464,-1.7517601182211813,10.641541122437378
-2.448165067658014,5.112397448145407,12.617866028977634
-2.2759918103748,4.893123053277135,13.802681233469698
-2.2249838893922345,4.541400208597109,13.447883541964494
-3.7198207101366263,0.4965810892116185,11.097837864485417
-1.0651966612435055,0.42204704412188576,8.886380212934021
-3.6393656370521836,5.485194751158238,13.924291569653919
-2.896479094663222,-1.437482831364568,10.29230956776441
-1.8036164652302258,-4.719885601194206,10.254270620420172
-3.8130358578940915,1.7554242391053254,9.174127249600472
-2.276823998949567,2.5742389161614874,11.429709846087878
-3.1896996084761926,0.6779664280777791,14.179198760424377
-1.8605265367644659,-1.412053756460602,10.603034615269614
-2.09057603294206,5.727345673244226,11.005043666424706
-2.8550554790003915,2.6617468702570815,11.18559606767655
-3.1880228802431736,2.916476019218818,12.680126088061758
-2.715570318433152,1.966540002223014,10.21996009855629
-0.8447342305029921,1.7095295719402666,10.425747383985208
-2.4160009430660203,5.129376422027528,12.487268008781127
-3.034693061042242,0.44738812223605695,12.722882895135243
-3.072421881709549,-0.6856529002998464,10.93987872811502
-2.436619921088791,5.37221304917866,9.090166776024715
-3.0948262333510534,4.164011348673013,13.060198728252267
-2.112609336008969,-4.880454524005719,13.279135671377686
-2.0629300256372707,5.220785149619166,9.25901667835808
-3.247058384844145,3.791749237539312,11.729812105032694
-1.818352935461954,0.34773885695170836,13.12170457528892
-2.1921767615866696,2.6412384829546784,10.521350219932689
-3.585704828654587,-0.6647176867105813,13.901112492968544
-0.6917591103765179,-1.8969711421023474,13.156274711082144
-1.3909724152824094,2.6809004432925736,12.688894922538143
-0.854855817434935,-0.06341812450724404,8.649183864554002
-0.6550568538408674,5.520885524975645,10.91107773640179
-3.337366417988884,-2.0394570940769623,11.67519493123756
-1.5409009469325081,-0.3591309547060728,14.086257012897336
-2.421060410877754,1.3381978724369565,9.07989522447944
-2.749542222631797,-4.083634225379069,13.626305426574095
-0.6861012432686864,-1.1923395878610283,14.07295958773394
-2.31697828304008,1.2724358912759,9.745309835077403
-1.148948717389196,-2.1047298207322003,11.627066257433915
-3.582252277704376,1.81563711043564,8.452864571576594
-1.0977583212996507,4.547116067621598,13.7791554303827
-2.767615174252217,2.6606515346219686,9.786103578315904
-1.9564648791944124,-3.4775339995390926,13.516019363463839
-2.479789684493265,-2.702283743868803,10.433778932996198
-3.3244419631565316,-0.8400745316377796,11.671799182560058
-0.7091669752700653,-0.7740965910750184,13.763182433582148
-3.154273502268179,-0.9121606011100951,9.015849082549625
-3.417557377726423,1.2658513450525177,8.34440070271519
-1.96268362062658,-4.65895283836143,12.393909784629866
-2.4107215168113334,-0.6318358326910758,8.316332269324022
-3.2203008034274436,-0.9300124093515763,12.017211690393033
-3.4927637607378514,3.5458396000244967,9.03504472462801
-3.8907513315984055,-4.8922464660011515,13.456348103571614
-1.1436052646337473,3.391503506405625,10.464036600752301
-1.1313931824200343,-4.495715469670805,13.876077185566075
-1.3408897120765713,-1.9629322094177168,11.601701196367761
-1.0367659320150988,5.62055961376897,13.558977511136938
-3.3722299054619773,-1.682956285732847,11.464833881656538
-1.1534585444178074,-4.842569286205235,11.368916870087412
-3.470358030260159,-1.2473266869997257,11.595160181456901
-1.2035679729676323,2.2922207608332608,13.645456195377593
-3.4837360952187164,-3.048761833491692,10.393400282280824
-3.170322111825485,4.416419887197414,8.896462009942406
-3.4082031126166354,5.520284972816178,12.684925210159031
-1.3628018344556065,0.19532786107109956,10.96519231913319
-1.386550548644704,4.532977652454118,10.338067933287403
-0.8772572248004873,4.7960400717318254,8.373186096236829
-2.2940275189259003,-1.673782377375895,9.796863674302312
-1.954581763814002,3.274198999899223,13.579396334161235
-2.031966950406963,-2.0559463649950858,14.172846452777563
-3.6342853428878206,2.025446641168635,11.454229029185699
-3.8738256489296568,-3.9676031301361516,9.23056292353557
-3.179140814540005,-4.5672786783616806,9.539016297205485
-2.3577116112051297,4.62887259577194,13.032556262020458
-3.998774270378834,0.6743860127591326,11.17928059040626
-1.640046227106771,0.050392091034748177,11.89441637207155
-2.4818546487336786,-4.465616067165726,12.327444487062586
-3.586791203341795,0.8048906945621725,10.646694660852129
-3.2646312926575503,1.8754890705634155,9.074892223957226
-2.5319548316020226,3.7493457926187546,11.426478987377902
-2.744689342024566,-0.6747152223731652,11.74436637716598
-2.2717650021217874,-4.229130892478832,9.532633381715709
-1.8390254528050969,-4.639862857300821,11.084179713411178
-1.7565242008158273,5.779262021785188,9.437808362844823
-1.2404346537328408,-2.241040608214876,13.45039117634397
-2.022847477470652,1.7081953091338216,11.080709800832722
-3.3886923581659723,2.7041256861982994,13.738273179148273
-0.9561863148753282,-3.950035785246916,10.378766449915343
-1.3491285775801964,-0.23868539255593024,10.482990159668729
-0.9184422972490824,-3.6974856910092617,11.978424683282878
-3.6819364867305833,-0.8901393754438613,12.201946372165217
-0.7250103674720974,-3.147743346057328,8.872733412556126
-3.6152614103744933,-3.844957763327315,10.883759143794615
-2.2415414203746993,4.375468627101732,12.467268806231406
-1.680376749193207,-2.1591651449985103,8.8855229018588
-3.1203565529636244,-0.362121556911533,10.359516999070923
-3.1735522894426333,3.8089897269709887,8.710335984037771
-0.878222771694539,3.0976208814535386,8.77238744730115
-1.652718143470028,4.70398309258268,11.15423822064594
-1.8754622862863162,3.9438947982099055,13.646301216995447
-2.9801689604362305,5.71767754572331,13.944377350792067
-1.3754536969320483,-0.08927835203951151,13.63242591290149
-3.9747733208264844,1.2845224336077887,10.820794744734119
-2.3314697653199845,-0.3002195380361359,11.941699836925926
-0.8194318030373928,-3.247398737870762,10.27354320875515
-1.8617261734784853,4.346421961952871,8.954343811609055
-2.649158112281361,5.323157068823157,10.432373944783542
-1.0656026360283528,0.3899746857629198,12.51493270084785
-2.751922179424155,3.5938919526314486,13.5150446497444
-2.6249442524220474,1.507331479753363,11.9886878169922
-3.488677863401943,-3.453844560630912,11.29372564923939
-2.405656610473021,5.152594890915877,10.817267061620413
-3.0901746873194114,-3.244865263105572,12.299113811089095
-1.8133778693742686,-0.7200429236816612,9.012562453690455
-3.8553984215313672,2.8203237960917527,12.025700722376719
-1.9927129678323823,-2.8436530225902183,9.800986868898681
-1.0325832099707823,2.2527395522064024,11.997593893418365
-3.316571842596538,-2.718472092814259,12.226849934065942
-1.9993350991604522,5.351615922681889,12.498100818551755
-2.91480410308149,-0.35441630667806834,12.19726316208658
-1.625668583356874,0.6521019559986652,13.260436061951413
-3.2520749899410046,3.01270319967921,14.014294598572068
-0.5596284096400819,-2.1746467890043206,9.093716930898767
-0.9001457928018555,-3.0855973767509415,10.285978719715644
-0.6955125048763646,0.4778090289651411,14.158967468158737
-2.488899747587846,4.272454240241304,9.408092193258494
-0.6858584532485015,0.22760811341217924,12.222359276040512
-3.6335037480270893,-0.32127374147112864,8.946449103068785
-3.423893514751812,5.152687062755488,9.094218206920534
-2.6546723203413514,-0.8464479437694816,11.056853355370306
-1.3590935587408004,3.4768642059823804,12.169280166340972
-3.326465003453904,1.4609686296158175,10.419256678179142
-2.3263258004317016,4.3829139983331515,8.63096445912682
-3.892954237209712,-4.495793509199808,9.789837284729499
-2.3959124169842547,-0.33875840752742103,13.234983632000588
-2.496282345311352,-2.25695767632578,12.967888481190103
-0.7034965280884133,-3.8536105435931542,13.732146985994174
-2.2456339563067576,-2.1837503237593507,13.395404502116655
-0.5584193957239858,1.2687755102542582,10.921735379255427
-2.8885484582366794,-1.8900865277774712,13.612215781802348
-2.4604852324626227,1.140165197325043,9.008681694134559
-0.8294099862249129,-1.4784544799028132,12.596322735667872
-0.5140256076872367,1.845312935225099,9.2801081493018
-1.316230989621153,-3.718917971310687,12.062123082049578
-3.7794174922423505,1.9747847031697914,13.960009561319033
-2.035438805234252,5.718253920040787,13.31521626569642
-3.6257629119554737,1.4595898481966376,13.532670705175143
-1.6875803911081686,-2.070186784641959,12.909137000714916
-0.9929608336700855,3.895497936555353,9.883197693718861
-0.5630469090798855,0.5605310568517154,12.22304140302738
-1.6565873708800365,2.0332026171914777,10.885079028922377
-1.5665533078871356,3.5261419410037877,14.14877825733118
-2.6552217637026057,1.2366998561011577,12.363438573320161
-3.7888146832529817,0.9477443040359335,10.99961300462874
-3.345570075600035,5.581765890823702,9.382025986337217
-3.033577485063325,1.266340973888024,11.814805778408928
-0.5682069450215415,-4.281311367340481,11.48801375363451
-1.1919921401593663,-1.8268623559648667,12.283224054949319
-3.692061173219694,1.967750342458083,9.939854102686711
-2.576191228931524,-1.2672341297395144,11.43638540926751
-3.2524518107538802,-3.844397369685899,11.010691854594963
-1.5786235785076719,5.319967347728348,13.692711250907333
-1.4374413941429438,3.117653342082935,13.078435002500994
-0.7590632367552907,-0.5757228402053602,9.763568833710549
-3.274817191832245,3.5267223073241905,12.95050731514592
-1.9360979341390765,4.5365970402455,11.908957407820774
-2.4093311457451794,-0.9658570158710331,13.928533227048073
-3.6147237887322103,3.698939260685135,8.526886036552572
-3.6961285756173257,2.425696097533259,9.024787133295922
-2.233359060824836,0.8689837207784539,13.186180698724797
-1.3155034314530374,2.7295444686290757,10.401712489532066
-1.8717529857549149,-0.3310750258916064,8.433765738065873
-2.3882664914832037,3.3395567402265147,9.684834083779153
-2.9984981885107986,-3.2964381811975345,14.190800175710889
-2.5844928041279296,0.4832440040710555,13.841008373617834
-2.9364387571579202,2.626791688632218,10.748707908295778
-0.7237066319465,3.5752979153748345,9.939149479457688
-2.2521121640614856,-3.6115403323705557,12.950546886656786
-3.8327737159465896,0.9463160559511081,13.21914332931038
-2.5769483808543097,-4.011813424886309,12.956051283579939
-2.652055860621325,-3.5606936556719315,10.811433002225716
-1.543724069414579,1.807042103114191,12.444350966713937
-2.9962332316883096,3.594308341931457,11.376979584120777
-0.6902101818329451,0.6516087631622511,14.143193334410658
-1.3781829024678713,1.1951186628074897,12.5893668201224
-1.7885944739058237,-1.3975326397216246,11.808255362199837
-3.427910901304468,5.630821594431586,9.877091567134343
-1.2702856552499355,1.0925334172677337,13.871465498783529
-3.21568949514653,-0.24392538902117167,11.687595589367927
-3.5226447661578075,-1.6336920327525082,10.43755781839527
-0.8596683981159563,-3.3006190042865446,9.925751759823806
-3.282796981026941,-1.4149626306083718,11.936195391080656
-3.926182118238036,-3.2229431674300493,13.329970033955863
-2.041780873045221,5.616023545865746,10.67079655841973
-0.7601077201997257,2.9647730553328095,10.467006675595629
-2.848653013648108,-0.7701898782047953,13.413124150160616
-3.9763528936032593,-2.134778174005061,9.537228089931002
-1.3878879172242193,-1.6400263264506831,9.194496565701844
-1.2098393720546001,-2.160707181570252,13.02925680834373
-1.8972448242923945,4.814134423230216,11.299637835694236
-1.0095501902896657,-2.5513755189137255,8.578101205110919
-3.7940189133167177,-1.2703858579478564,11.777301759864896
-0.7539412756658024,-4.55659018003535,12.564628993432237
-3.615334640916338,3.992696666945223,12.317145633700544
-1.1876009675198893,-1.7847316420776882,10.723290469113513
-0.7305684143260756,-3.840818299806335,13.298962665322978
-2.7941434913222456,-3.9117290502462096,9.333549655769213
-1.2169673953150766,1.219819717825109,11.087028770971646
-0.7757478014791026,-0.620292686177141,11.287772689871343
-1.2387139741486743,-4.6298314277084724,10.817565681025021
-3.536090402692101,-3.050551871227225,8.701973681827198
-1.5454210714990824,-3.5425187599532952,13.873243619945306
-2.12253531821091,1.6225655741864937,9.303025404734782
-2.8373981270154225,-0.04920848608542272,9.428568322087417
-1.1105794659909303,4.782340607148484,13.56406633894245
-1.0207332316897917,2.3519440668755944,9.30074329925318
-3.3862931274249752,-0.1368541371325973,12.355426020828132
-3.5414960698066134,3.9931691041267054,8.911848638184143
-2.910261307287546,5.664724946721835,14.01098410876778
-2.8317024093313465,4.044514942774633,8.572450590101223
-3.2121221016085695,0.526724864817167,11.78989342039958
-3.2862629539810455,-0.4936320461850192,9.83205633674455
-3.8225563683287276,1.8108014769900054,12.261301803857824
-2.2387979379278207,3.1846527718932034,8.947979315188817
-3.651646016732593,-4.768585156550111,9.821425739857503
-1.7962349970023954,2.961988216082612,9.966186344415567
-3.9112869240782664,-3.167677080679926,9.288465840728806
-0.6871195698889538,1.0908335578804236,9.901796868296845
-1.5403938336701835,1.7365318085076842,13.307656307299236
-1.6546056290488855,-2.0379326085016376,10.437600578653726
-3.647711412731095,5.621350209147462,10.485145433190384
-3.412494668667952,-2.364337534602588,12.586525107209585
-1.1632253642211459,2.5280270455846647,10.04644546161015
-0.9362973382308071,3.5267414273780293,9.65428388654403
-2.4068665566903524,-0.3423856497881781,13.942980658596003
-3.3544452817257984,5.093071742237582,13.474634595880367
-3.7099358720770597,0.21717842285482813,9.047827194379794
-1.3961786306826762,3.1316325264409706,12.022436878942546
-1.1199931130381655,-2.70357018015772,13.439242657294535
-2.879757219107903,-3.0845181536073403,11.610550271677468
-3.0835859397658543,3.7153103733052575,14.059788564261236
-1.0793967568318292,-3.4360291605371938,8.551836134559602
-0.5372402548332147,3.174598821854744,13.829983113999504
-2.7600960004214308,-0.5618719191602741,12.914424784214098
-2.7415682589933468,-3.775243816893892,9.077461746969954
-1.1159119246229916,0.34260234866739747,9.263342670108054
-1.7418734170325223,-0.2902411970628709,8.478488916997453
-2.2699861037550537,4.91419747374751,13.207484856759685
-1.9198887435329262,-1.8320569508054425,12.4585389019615
-1.9402735431328564,-0.02062383428794856,11.991786430068577
-1.0602410777717441,2.3845842031807987,11.498115366854442
-1.4432997822532845,3.8139346875057463,12.966458241879478
-2.7651672680173354,4.2530986954063845,14.101287188945363
-1.7328198170608582,-4.055969549581503,13.819087933569747
-2.27980215072159,4.776948435331871,8.821056872682496
-1.3541353984114295,4.460669609023757,9.125987496335325
-3.293931340635847,3.588990879990048,10.35340621955966
-3.128575829855096,0.40164989889699587,10.914759716203758
-3.091863013543637,-0.7229794963491045,9.540133288024947
-3.9950442642026185,-1.5807783464337795,11.009770738602294
-0.6163861272823707,1.5774752681662738,10.768358120327537
-2.703530103593332,-3.7171033743316912,12.59682811629899
-2.2143684083982063,1.5055224875982827,14.099391567852969
-1.3792221399906919,-1.1755690123083382,10.204692905913994
-3.6636913827973174,5.276818381979947,10.17403665214773
-2.247033548936577,-3.3901848331883837,12.848028166076045
-0.8249816817757174,0.40787965622652855,11.722568434378225
-1.1406760365836464,-1.1429953887375692,13.210339522362236
-3.7967923650731965,0.6182123079506798,13.883667571287283
-2.848766292078789,-0.46410725086974214,13.829274543282576
-0.6478632599790224,-4.891488855333843,10.54534569654501
-3.661554897231309,-2.4827933958223283,13.375290258114706
-2.3005171850217403,5.643521128842021,11.189437389308697
-2.1465983543367084,-1.16876101458144,8.995464194197757
-3.8664871760920003,-0.18218609565915145,9.30448627819243
-3.3001298531501266,-3.869542793727012,9.376816038207465
-1.3439238418135258,4.29165992600266,8.717290442316955
-2.570135096677353,-3.6475038726580777,12.328005767937938
-2.417046155434822,5.138969632141086,9.29021151878493
-1.2390796769310701,4.15254533957855,12.582520375508501
-3.5029015565809294,-2.0251875777826234,14.01988398446694
-3.652324360488214,4.4885447509996705,13.313292767031207
-1.5037379091965315,2.486471628674293,11.192448166120316
-3.355089847486206,-4.555614978965107,13.788413790376776
-2.3641001892092706,-1.5357924813390968,14.129974288771031
-2.749693249805735,3.610635839755801,13.872728053424884
-3.289859680811346,-4.23201739370997,11.923811861533652
-2.343660693245999,-4.293182745459288,11.76342717867453
-2.9272258693361377,0.10589599414047246,12.510911971928245
-2.503983701232489,0.022431679153744,10.60213096906006
-0.8529890602538259,-4.459984237173224,13.268040188493389
-3.9531978761690607,5.16440373862201,9.03937717552209
-1.6589637690802053,-1.4819086988581098,12.41650942839232
-1.59403527965467,-4.721455475059747,9.858414796732504
-2.0664650244203036,4.650172098566003,13.481921817233019
-2.926845732811553,-0.968652636702704,11.981643019305785
-0.9828235136462586,5.542342581023396,11.70553319452696
-2.74893836605475,-1.5400434288305496,12.256268162052244
-2.9752738191068664,5.110211558794173,12.520230464066287
-3.097820829386722,-4.1024912725439115,13.921913124167531
-1.5681538227497192,-2.4984990167468184,11.380014886631828
-1.9294175903113828,5.789794189652643,8.527427219485313
-0.7642543070588173,1.0099465423136271,8.323853105900007
-1.3335611464622654,-2.301951339253155,10.745531916868202
-1.7577604825887954,-0.7624195459852272,9.404144538937762
-3.94706483684377,2.113948014714664,11.619294028105767
-0.9299045791943215,2.4849829638726275,13.181138919758393
-0.6653429791941776,-3.4572298006998095,11.406599541782468
-3.080833674103099,3.277105899339837,9.122155527173557
-3.682307298789551,-3.934752129118756,12.370793711963046
-2.240598209852081,0.734599289049422,13.356205913103118
-1.4044042088192152,-2.329204434657618,9.87473333658291
-0.794691602851608,-0.1448403430092835,13.671037291069691
-2.908303485187406,3.515844134538046,11.52008550550636
-0.6299813166490402,2.414885068020502,8.482059723582184
-0.6331523842977131,-1.1112909904956205,13.479514372339505
-3.5978241640921707,1.9255697807411565,9.118608670713412
-2.0616988742821265,-0.5951036252909123,9.50023232117305
-2.0028954123570424,-3.8010697952276544,9.196658789206882
-3.486031593884989,-3.754971214413822,10.219117166952309
-0.6359109006302655,-1.767257222802622,10.67419192217029
-1.859871272366885,-0.5342929676640154,8.458861227579476
-0.5421504425689303,-0.8644530577531171,9.170295783666987
-2.7753539222103147,-3.8904839165206635,9.19955847038845
-0.522591492321967,2.5804162676369318,10.292582689427585
-1.5341606815661772,5.5596578815823765,10.98161235552275
-3.215685316785498,-4.4887471376582315,12.53767614877044
-2.0555947331601536,2.7246151653012234,9.825905776861024
-2.255767473329496,-2.5819508143356638,11.054632879267423
-1.5066817812261295,4.893359772668992,9.580203378038975
-3.5130776314636414,-3.14793312302025,8.992394876867575
-1.8973660557889191,2.622318756597233,13.034027468793951
-2.5684219327772233,4.710061340052638,12.147068016770893
-3.555081546524868,-1.9253803963216463,11.939422316984485
-1.0654874816260667,3.5919943996479695,13.65483087513089
-2.022053240619453,1.8781001653996183,9.042002636389487
-3.093900241323637,4.232513240853207,14.06415689287088
-0.7914549857008035,3.1310744345743053,9.979274836360553
-1.6985520036052684,5.310317444970927,9.94673192154453
-0.8804709818152197,-3.7492773135218695,9.069823277723613
-0.8034512099603086,3.2631401614737925,10.975313924811356
-1.3904230428845117,0.15032360018324553,9.020075436584383
-3.1312904384698577,1.8960877963294127,9.765164349589172
-1.8473090474261173,0.5179636600864077,12.07378261163243
-0.5033862625083487,5.443464010923071,12.031671039121948
-1.5825167860640899,-0.4067528275036727,13.851451488772213
-2.899792908109666,3.554447879928409,10.402014191345238
-1.0034403452783707,-2.5424543448397934,13.716561758234198
-0.6383229266700292,-3.739623780946996,11.796088886766956
-2.393725631359101,-3.973776015012017,13.01421202458575
-2.8494891808051523,-4.636600321398994,13.400478686591189
-2.628185635693177,3.6462086507781653,10.439611648639586
-1.2569438622191504,2.0115693733711844,11.763707417266513
-3.190124875604343,3.0979762328396054,12.68075697881843
-0.7333753204896754,-2.9231794575395362,12.948786020636696
-2.2728673042633187,0.6249557571020548,14.12398076933055
-0.6840166199575557,4.677995182054861,10.573623006997538
-3.1500193263342826,3.8756305889697966,13.529277579234215
-1.8464377466616804,-0.03664403307994668,10.674773430337591
-1.7813509696512155,0.4988218599428116,10.730774324080834
-3.439275898678932,0.13758111403046414,9.330808791587563
-2.0296988690010553,3.7740288439709353,8.947949134951923
-2.693191293113377,-1.0518632259695404,13.52578554071584
-2.505226989159784,5.701044042076591,14.119270486454674
-1.3257608217984602,0.01770143715817518,11.37395104986738
-0.6101733652189107,3.1086998169713524,10.157161101476795
-0.9419149632901136,-2.2539511174026243,13.094910985554643
-1.1526740299878244,2.0067717346079856,9.918920913415322
-2.196513618117734,3.9327149202360605,10.71492837404925
-3.691578736255437,2.020436380278399,12.29867335622571
-3.7854103624336246,3.7807976204789853,13.104215038568338
-0.9350254610511839,2.500160328714511,10.73698799762733
-2.7798623059377254,4.002839602451248,8.753167669782306
-0.6816286206158066,0.3178616673494217,9.66526256138147
-2.229648495986021,-0.8483044695263375,8.71780622726058
-1.5192194536412291,2.9235545678506165,8.772266939186158
-3.25645770097735,1.3854329347909191,10.750700521092964
-1.1546883887311896,1.6018388924792983,10.629640285801592
-0.8539589254644362,2.4478594380158674,12.808649034851275
-2.858845527158543,3.405654924257643,10.160215096347768
-2.9118587108068335,0.4428161633950669,12.720083329925913
-1.107266806547532,4.698466684177804,11.040534741230015
-1.9250256377155943,-0.718951881185192,12.056063008984149
-1.7624852996552205,-0.07392120103180932,13.69294694745156
-3.3656989655495106,-2.43944085374448,11.108162868169437
-2.616328410877518,5.627568878561567,10.413705933249448
-2.318714190446962,1.8451268193016626,12.475156427534321
-0.8733261347856689,4.854750270660576,9.654588639020226
-2.902471510692876,1.9269998686747432,10.683802113364772
-3.1835297122550426,3.017762572094335,9.518601430693732
-3.642347732384504,0.23481741458121874,10.307637237869788
-1.6988927221808359,2.859494847922641,13.062649314871162
-1.7799271142463526,0.29922718695917183,8.650031563423719
-1.759849267150269,2.8848415758185135,12.245360347952872
-1.6033463884865649,3.6312649956723853,13.52993053258422
-3.6419923119306743,-2.647602055427972,12.83617239540768
-1.8188597754315543,-4.441218536471655,13.453393328543513
-2.718372142026042,-3.656483513382671,10.985793491576768
-1.757323753689358,5.507796250896208,12.979193037684915
-0.9404793485298595,3.602007497587323,13.583979990141422
-0.5837255771903407,1.9732568292395571,12.221953297799885
-1.137239142776918,3.916181339533848,10.607833843359996
-0.8229669854315467,-3.517982249126861,13.362922368074262
-0.7108497577083286,2.240382387691632,8.899091101446682
-1.3818150906219997,-3.627247798882168,13.570352354439517
-1.8756993537657864,0.9582978342117308,10.475396809713205
-3.8711825112450016,1.7985598088341472,11.01141055716494
-3.468398119296607,2.5467726535040107,9.0739890917903
-1.876880488651933,0.647415941014506,13.0427855559578
-2.0560956569056517,1.7797328328969737,12.646998816325903
-1.7117411981485935,-3.05242202937938,14.13535104556152
-2.486866238951132,-2.4244187208085624,8.852661679031796
-2.2347453309958256,-4.103645798873602,13.977605360023484
-2.048231128396286,2.6218229076614428,10.27013434716057
-1.8902617115068838,5.405447934189503,9.966703460914571
-3.8511938833126007,4.68879828220941,13.109926046103322
-2.9718487234939026,4.715380644928677,13.624883657955712
-1.1493741683427627,5.653284131137626,13.243463769530283
-2.996003700403037,-1.6394392613140685,12.262887054386066
-2.355559517529255,-4.7958871568440395,10.90222789057793
-3.3249531671344266,-3.5309991976323776,10.38741052594941
-2.5901649991686457,5.3578210447098495,12.134489248073033
-2.6536204760905093,-1.2090519698189932,8.437362747526015
-1.1666691913677179,0.871667871178853,11.063797605457003
-2.5677930599084164,-4.7874538401299445,9.547248079855432
-3.0974609275653364,5.4879348069349305,12.21458996372882
-1.1433072345077022,3.32878920264419,13.341898810817431
-3.3847096224712985,-2.396424139601931,10.283466980245958
-3.6201361323904844,0.2326518161818525,12.92257168187497
-1.7599122260907683,0.39315057320245117,9.277864834829298
-3.4710906751202657,1.1988112356930074,12.527608291467661
-1.0000283129860792,3.369405695504124,11.622418516978199
-3.248021629853981,4.19743720003669,11.350242172844528
-0.7480559420987398,-3.170674129269106,10.78017654245099
-2.586884797946081,5.500443252230646,11.024753601737443
-1.0138195672689942,4.904995882332672,12.72675914208852
-1.3393285079348782,-0.4586334434823254,11.431138721824544
-1.1963769918698937,4.562935258858502,12.513120370999331
-1.8792768482109974,-3.4363599098104967,9.692289351164943
-3.8271824636786618,-1.7437120799523522,9.184117741602748
-1.6150876269931627,-4.35028326002757,12.42628585546655
-0.9017100330567569,3.2632617762189344,13.128914282874558
-0.7867245020342315,4.770236039682249,13.416761919293489
-2.9648875918544464,-3.82531008517522,10.49780868969399
-1.4188676123016926,-1.8099596991015776,10.730212307310252
-2.985735948901721,0.6343726832030283,9.572390856459704
-0.6781196509759471,-3.2668463487360064,12.64265706234739
-1.0645722032928666,-0.9452363588665764,13.146750350387045
-3.2563138213611955,4.541163022335914,10.945854636028486
-1.9386780432581707,2.8817843556651255,13.831651798094128
-1.9723449053127493,-3.296849749345909,11.665749599566794
-3.5006273624941016,5.398799147942812,9.80036237024413
-2.456212296588244,-3.8321998022143693,9.564075264749127
-3.266748222541962,4.980884546991707,9.650751865187605
-1.5310481721823477,4.310123716302423,12.27988908307156
-1.821292083116579,-1.5250163831531012,10.057820483931835
-2.9293029513899445,1.5709013673872505,10.021913041173033
-3.6980864621199894,5.366963054886936,12.71740250043564
-3.959229173449973,-4.046621736188539,11.714977247566065
-1.8666003911695355,4.773049261723045,12.191788326582131
-3.4800407563564155,-3.6259165646818623,10.484809737316375
-0.8655994762687342,-3.7073951558058376,9.671400252083972
-0.625628620931272,0.7360122587256566,9.699762353565182
-1.123607777060093,5.571239603966706,12.994572104325746
-3.906687109131181,4.03689434152707,11.409965994591598
-3.95449987508849,-0.6220559806345234,10.424594981134312
-3.876091862279682,5.052391603390152,13.284021357119864
-3.8821275188322044,4.368222659569652,10.049225111371978
-2.9724859374256334,-4.5551123532214115,11.742667562170245
-0.5577502615474996,-4.117072546004952,8.51017026673342
-1.785387597709314,0.9558979963769172,10.079792694643906
-2.364519074947089,0.1604464463819637,13.041637162682113
-2.6330590907798506,3.8185769807678387,8.336889427572897
-2.716439564123318,-2.4093070183846432,9.581595192380554
-2.858221841834137,4.875234815102177,9.340481505398104
-2.384039353458705,-4.011528044474438,11.857851052392196
-3.2070278551172446,4.960540963891754,10.237459327554351
-2.1409103998288828,-4.8670598898431185,10.115645418567869
-1.3206762569489694,-0.8108096024969784,13.30937588079479
-3.4960382465904156,3.848446799276811,9.036747863485228
-2.342305937260676,1.141427523738212,12.155556346917374
-1.8946638155669118,1.098655278906854,9.118275008787762
-2.4219589606672365,0.4629588110574048,13.884035082073952
-3.5192355485996076,0.5050344368558566,8.624143006861782
-2.731951618129438,4.764603162413877,8.33697916194932
-0.7223791598767981,0.06331197009469669,10.214370164276954
-1.0546755901248517,-1.7274203590153028,9.271614196605526
-1.9339527734366269,-1.0208924357558025,10.602745285138742
-1.9694161852171534,3.280395711631236,11.997299045108992
-3.653818769884521,-4.053039266802226,8.655352928393606
-1.4704400110958646,0.4533145491801731,8.84541009683297
-2.8650142696380176,5.206248464026988,11.071484534695383
-3.892464377471625,2.5773391738403992,12.853052475857913
-1.5804996734753356,2.7289993480544856,8.593972252371794
-2.599413878899345,3.185640387057445,12.058869710242625
-3.4182193430798824,4.648813606272814,11.28400702902283
-1.7951141472797172,-2.025867835959069,9.737144459402275
-0.6475780909069586,-1.2635872592126263,11.036794626304086
-1.940995901653165,3.6781497112551413,8.714807122063993
-2.5467564561583558,1.9567573684769437,12.92251769475638
-2.4076277554920034,-2.537335972895276,8.90537968273176
-3.4964831500270255,-3.325333023425387,8.380912793638133
-0.8516993812538596,5.185865607502384,11.414052877310564
-2.0636085059770175,4.869811879868546,9.247010737496645
-1.939514703741779,-1.6734671935647056,13.387748978184124
-1.466117240097704,-4.435268480767642,10.247680973311713
-3.232346125855474,-1.2113294019064824,11.855841606270104
-3.324108484665614,-1.3852014761936067,11.33492588288777
-1.5877277376328203,0.9104294444870691,11.097192427076937
-1.6547450693538055,-4.887272999633634,10.092103589142624
-0.9553078189418911,-3.4932438709393034,12.621346679778927
-1.9819541209657254,0.6533063013318197,11.666327358201903
-3.650760321635846,0.039768169724191615,13.809910210247686
-2.8036269199113812,-3.5827063575816807,10.785689645046476
-3.1535019811189127,0.11749764262963325,9.819353346587183
-1.6196808864155519,4.147223508464247,11.6804873496815
-2.099190282744862,-2.54940378493357,12.739278456802863
-0.6075869616895209,-0.4811583292546757,13.471601540361608
-2.266016498218735,-3.903524248032925,13.193832863924724
-0.570596288177315,0.6923001588432758,8.584558932173994
-1.3433380299470419,-1.7456248547325295,11.829724142281933
-3.024822021952825,-2.6631786574954965,13.688625425199488
-0.9370258508583489,-1.7498711199879904,12.741160850016902
-0.6394255285898152,3.7032114587990446,13.32413876558175
-3.2017435647395502,-3.5635223756810337,10.24171608992084
-2.21862341617166,3.164038850811668,12.353126303827068
-1.7323341601634628,-2.210269588288139,10.73897410523498
-1.0562993077189051,3.52630498992184,8.507594387824977
-3.7857121190681755,3.7206138467936967,9.647360451346676
-1.5502553610172711,-0.010737023030141124,13.616565029211355
-1.0616858164935339,4.885931969917241,12.110968574278154
-1.301182996891146,-0.038181714065204986,13.090625684201765
-2.4069999811635103,-3.5376970494462165,13.963550293253908
-2.1369648203888896,5.769201777944705,9.356917649013516
-1.453848110529011,-3.1953065288728006,13.60378093343661
-1.2528453497988474,2.5058030788665686,10.232757053775641
-1.9111624990614087,0.9291128620759412,9.256897057920883
-1.073421181495803,-0.907176052039659,12.492267345834852
-1.6705830648295676,1.104172049355741,12.73115941656231
-1.0143894786631886,4.131431814918361,8.40653413372063
-3.05885940752788,-3.1223948913656816,11.300583939380498
-1.6023814503058569,1.7202614587218479,10.848554916225847
-3.6852743244660804,2.7250398776006692,10.499961138830587
-1.217822202506646,-1.8701141232981366,9.042042072084746
-3.6283986032655293,2.6248574246062946,9.485061542061848
-1.995430200007518,-3.875679003022234,11.210627752350675
-1.2958761182118028,4.9412323851733255,10.709617010345704
-2.8682014236107323,4.524694484941708,11.63233689220859
-3.3074799648838837,1.939655504106832,9.853013242120532
-2.8889918365878735,-3.9481036205009996,10.435507838794088
-2.67512830357577,1.6969635452202656,12.896661554449995
-0.7464564559734304,1.1329851119511085,11.567892871679543
-0.8745115139655071,5.0632323645726185,9.525414695652675
-0.8105550440477338,-2.824564815174444,11.916312315171295
-1.801489685561334,-3.6314309964993754,8.446649958328221
-2.3278930444727823,-4.079475572112545,9.820676233852845
-2.092898137396138,1.3310818202069754,12.943392766005633
-0.5996905227020228,2.713352313833383,13.449537566695428
-3.5617761784944193,-2.9302812432937246,12.059838412109553
-1.3333447601902653,2.06480374199945,9.886606369440326
-3.3616369826487222,3.56876740736363,10.857118454943352
-3.627275931808367,-2.9628986815611014,8.949861536375376
-2.933811556725633,1.527147927831769,13.847944088500318
-1.644116251469665,-4.081893318102571,8.60199368728118
-2.251664103202822,3.624102198867746,13.624991805845507
-1.6750728583239645,3.622774944397639,9.898354441187191
-1.317586685090157,-4.8920802910819265,10.157807768964897
-1.5675323271146238,-0.4587405518877654,10.50210940108619
-0.5067190320622359,3.757433003405877,10.2987090278629
-3.0294590204348393,5.148245518858381,11.846941828864642
-3.6922788165034177,-2.998182245143749,10.60403563867779
-3.0110567100438113,1.4904938805149515,10.708254928579152
-2.1186379741679735,-4.575079940356112,13.46505723515849
-2.4755756304643395,-1.5132042690280927,12.689122183453904
-0.9237070376395682,4.402164054762743,12.16548984201927
-2.809263247295709,4.675222422001585,12.89039581572042
-3.6326813035699135,0.4914951575137776,12.88896357224436
-2.549922748214892,3.884211288652086,12.354807334806644
-2.1776934782359216,0.15035308975510997,8.919766565579524
-3.043129594175424,-3.8649610673402606,8.497054914405165
-2.7444451420595586,0.6116889012431006,10.217050358522854
-1.9948770161032217,-3.02698896983346,12.42980687199306
-3.1211349987368715,1.685945116368588,10.269483282994125
-2.9774717691852794,-3.178097121121725,12.924438138217107
-0.5006568560340066,3.0500416701280617,13.101538051319514
-2.20192583576547,1.9691617805309063,11.111942546939385
-3.999753707007618,5.499754833286175,11.472575031215024
-3.427416187019773,-0.2932007491252637,9.283986401600483
-2.3297427438767233,3.9246535608586477,10.810463354573734
-2.0953592684575915,5.407809345798176,13.602322127657139
-2.154776597742973,1.411074241706297,13.564395459080327
-1.0811355958923365,0.3197150552667498,9.127741553609484
-0.8677024883363913,4.442560553866485,13.019213120286109
-1.661678191826478,-2.3062241414917675,11.32720863254739
-0.5116540163782952,4.6585377867656845,13.357861209594535
-1.8923298712561136,-3.007416965180331,10.225438366349557
-3.0203153180052333,2.1766074875877024,12.822325919513546
-2.7340490381450273,-4.103524778809613,12.719426641781299
-1.2953150407009497,3.7596438323053487,12.964906090031125
-1.4610382094453693,4.986059283083177,10.913842757935406
-0.8963688992735728,1.446873287878132,11.12540331961965
-3.911908479403022,2.0360527801935664,14.144809767656554
-2.8719200616894502,-2.089001535929888,11.719179472538814
-0.5832468782079685,5.790200741505371,13.507516277835801
-1.7999172721720118,1.1804063708006192,9.55588689689932
-3.7089851289412246,-1.9296707751986144,12.696782255644955
-0.6203288345378373,-4.3748316304006725,13.750938470685
-3.178906635478447,4.324903162121293,9.381650887173125
-2.8091488958112705,-0.0988206890307044,11.257773120023723
-3.1635860445389294,-2.171039747172999,10.062593495813434
-3.9348265481228433,-2.409776564854667,12.799348627604555
-2.8314488568266096,2.700314415118979,13.522316494558211
-1.1622617335738115,1.2631322840509922,11.203559385296145
-2.5486989273628,2.5587516911698565,14.038139203342915
-2.599903581902374,-3.1721794933814076,9.1162267237767
-0.6067807288584137,1.8172079857435035,10.173396709613037
-3.294422202354789,3.8477420358732743,9.828714736441405
-0.9543923312083908,4.992434298893308,8.469822624157393
-3.36727920798402,3.737718831752307,12.294248680397803
-3.8631026607221397,-4.493107990231636,8.999770582014333
-3.3312152030812365,0.42305122890829416,10.861494319852811
-1.6509458780377733,1.9451630264751243,9.688053054860834
-0.7436869961044454,-0.9139567985932517,9.257888121441717
-1.5861686123128105,-2.977175042137381,8.865352533837058
-3.8581015375773346,1.650209317189539,11.332689238273728
-3.6281036448349866,5.15256961976492,12.519333192288013
-3.008213945888622,4.207150051518532,12.13893421707932
-2.309260588852428,3.7554270416802407,10.659280990566359
-3.4316162473200142,0.6933351850213088,8.940806178714716
-3.3806508801168365,3.850219365929309,13.274314133327282
-3.9143983421853217,-4.678258544660071,8.515852867967439
-3.5655086769550963,4.801113380946678,12.782070659864473
-3.088547978290535,-1.044425828973358,8.997355240681367
-3.4779323505529423,0.9491899301875337,11.298507540823849
-0.5075125611328017,-1.824050679011647,9.063764934051914
-1.6018890871835092,0.5500287493119549,13.461363663444104
-1.966723567937061,3.522573397418883,8.801114523121466
-2.5928139122684075,4.297629688841669,11.468978404555141
-1.0314018987158682,4.684971400891897,9.000700922214996
-3.7966448647992745,5.496641333133649,9.000906157235736
-0.7181498920140386,-2.43597393828763,12.566169063893629
-2.1683127537016142,-2.0602010312039196,11.278500915457837
-2.046571393382592,-0.9804161809573109,8.697833448994585
-2.4414397366076255,4.080438228571339,12.587050401159534
-2.2969361866696234,2.728135366443496,12.331441100972205
-3.640831843127772,-4.597327512731266,10.605057219002969
-1.1443823508482711,-4.23012048434754,9.909383190596314
-2.50530374022579,-0.056326022029597134,11.085285368187844
-2.926472445665694,1.7914357076426555,14.020652986037474
-2.899932644988828,-4.751122246197732,8.667945160710223
-1.3711824429661483,3.7624546834616996,13.924884576087523
-0.5314804286284049,-3.7864992712323486,10.65870396679992
-0.564128640572215,2.9866831632461004,9.020406408869881
-3.7973950541551416,-2.7131743299286284,8.597800079215038
-3.5764164907326608,-3.6576023919457343,14.108782478737687
-2.4425327139392583,5.5149701812772705,10.053662986487625
-1.0196717158675868,-3.3043132726159405,11.160074028945788
-3.3517912177291387,-1.2831083575886657,10.569232333354257
-0.9314933721432457,1.4743039168063863,13.296405033913807
-2.6707851737906916,4.120561603623951,13.026393658502366
-1.6787196051943982,-4.499350920515472,11.942768593934176
-1.317233327971127,2.8045417970419075,10.659005654730203
-2.8539631846364113,-4.240251773102053,8.498834374163149
-1.0074929469748288,2.5781801092773042,11.265462138603864
-0.6942574997422684,0.9997270666636648,9.487298281105673
-0.6016634742061902,3.1698127418683004,10.309114119725708
-2.1624499012215823,-4.270397485975662,13.746207621407462
-2.3789681650611456,-3.77842654005495,9.3600535470241
-3.3025827610158878,0.8705672890838736,14.155278516969673
-1.4280182031621043,-2.0078738946741583,10.29508489199287
-0.5134528904976441,4.109693050890099,9.910991281595303
-1.4259800796386881,2.270433707571775,10.386153227549634
-3.5125600108336497,3.644844030992372,9.021399350181971
-1.382639253004653,-3.2976083428695793,11.409171049430196
-2.3223131665185126,-2.4833782039613412,13.584515931186623
-3.0683175371080944,3.8414440389436564,11.157585092298797
-1.0876109596421877,-1.015640765152014,10.338477252100725
-3.3001916575734596,3.691564366224531,10.629424046421295
-1.6270739716730378,3.355167536164169,10.421647242543653
-3.887882470809534,-0.14347779737035626,11.276493321142892
-2.704168197153689,-0.006367913358998223,9.064571833624425
-2.394385304389973,-1.8075332190711366,10.124534996068569
-3.1346684665375446,4.554122169721035,13.608619904511047
-2.529073386547716,-4.770217237168366,9.148925566489657
-1.0425556865982641,-3.2766984448158896,9.977192314941398
-2.307200009860023,-1.236339796625633,14.02303544085363
-3.5750871054273206,-3.8985033231661164,11.7073601687359
-3.8656154968100216,1.3996435824911257,12.592213430812304
-0.7286346278575029,4.288298674081249,13.322135929484148
-2.7772750679299976,0.6656216870548208,14.14187317924601
-3.6153318549506728,5.359354767598628,8.929473526584601
-3.8442679622853224,-3.666518756663253,11.663338717713003
-0.8282619820779278,-3.8750622240089565,9.13273573843726
-2.1964671098948148,-3.7084741304430766,13.643686502147432
-2.272647640755915,-2.8760758808475426,13.85279145285945
-1.8654794098878198,-2.904099052472861,11.89875773694182
-3.875470771325461,4.715635971028872,10.591391638616445
-3.7798787794374538,-3.263817244771004,9.554712637554116
-1.5902376725274863,-4.7336128661924075,11.127773744331236
-3.895186357016753,-2.111476011305063,14.032209843580112
-0.9544442720963446,-4.694931493206877,10.46791584178683
-0.5113369422796046,-3.6499854813676724,13.030218030257068
-0.8295272962242466,3.4556478268355537,11.871738070036919
-0.7800089909627612,5.039923895640319,9.429042666617082
-1.2116732555184129,4.725743043486281,10.356540973616216
-3.8994595400173186,1.9178394315636291,12.010516255052305
-2.9646374403326603,0.8942789036656382,11.939807423615587
-3.972552107052242,3.690784603803401,9.487054987113527
-3.4865095354124724,-1.1527613779305774,9.253732052831555
-1.0965545775666947,-4.817283750082016,9.425802081132979
-0.6365751037137017,-1.2660431314486251,11.98321011450497
-0.7980777648598796,4.245833483189617,10.63050679560791
-3.1606311396187152,2.348849554814276,11.498484271361662
-2.9404442989925528,2.5277351744567023,11.986762573203444
-1.90309481413665,-0.09720038379643459,10.144503031630734
-2.0338090854832402,-1.2765249903165308,10.432511990223345
-3.756868917361781,-3.4769649287439774,11.282502510472735
-1.228226641636212,4.897655944551859,8.404677757706141
-3.087391382603805,5.075611105096035,10.993062345257975
-2.132800440177141,4.199376228764677,10.245951694359881
-2.408424959282458,4.185980239057139,11.431433593746602
-2.8135169740921757,-0.772338426899962,13.00053144618742
-0.5030762272990512,-3.833216443214158,11.581038139586855
-3.958688528638864,-2.5226204889837445,12.74697586873064
-3.464987425703211,3.25362315248932,9.010894518929263
-2.8431046995990696,-1.8019646189041723,13.078119792163253
-3.954835536678489,-2.7027090356260888,10.37635807767152
-2.1553433609208215,5.683657057516644,12.221766918092785
-1.505183655728505,0.2913205758055506,9.266621033468606
-1.9582852579700627,-4.88461317861601,9.861043200697663
-2.6211760163270985,-0.5919785304467746,12.612706971263856
-3.155349884887828,1.883634341401847,11.554045388653211
-1.2726310392478073,-3.6797436251078097,8.313696339210672
-2.919953650049094,-1.8397502102551204,12.43869119276465
-1.6859715722480475,5.222553234636246,10.769525115172726
-1.671598515559821,3.5830631115508638,11.515198587472046
-2.6973721708840146,1.0884094258123103,12.550507327921675
-1.6867085836564693,0.5278672004572869,10.705168212613835
-1.417579631854407,-1.098668020889996,10.718022458115215
-2.781324988813242,-4.339122342391234,12.01868599869038
-3.2808690451310114,1.7665060696825643,8.704779167357733
-3.832412916080456,-0.41842123725003777,11.222388253712275
-3.654972863199783,-0.1410312298213876,9.594555502837267
-3.6735209464370486,-3.124946900767367,12.813198067455005
-0.9546267225112546,-0.16873704784142873,12.295934698456287
-3.1827133490652737,1.536828580568625,13.429566727284891
-3.869654678998309,0.36853772474199964,11.99331249702115
-0.9445171148768079,0.592731495495471,8.950741362269682
-2.269333741483889,-3.7526243039309164,9.095966543497937
-1.0223025212047796,0.495315282996847,8.470049087319374
-1.3271027832020952,-2.7580587936999326,9.036250568188926
-2.0502925819930633,-3.5661525817353454,11.391117601220781
-0.8797344923957251,-1.8980565496997244,11.20765080071743
-0.7442396722979789,-1.1311042201682961,12.487580978928293
-3.8184870150133268,-4.84166316833438,10.873049910894444
-3.797360343443225,-1.6425227268770128,12.620503956793705
-1.02710603652177,0.1227976959274697,9.691308571858466
-0.5164172584313604,-2.4560771955405043,12.505830066292766
-1.5396246730942198,2.826068761437133,9.598301854845609
-2.8847121750571265,1.5124617562124483,10.509476388886045
-1.3969504584825203,-0.8458535021743474,14.069485698436406
-2.0443733063085086,2.4012405635169536,9.315167050593812
-2.0493113663744316,4.320962924635751,14.002491611741924
-1.245198178556815,4.449586662267484,11.647226766977669
-3.5880720819596967,-0.6218776380417257,12.30292601663349
-1.7017720297883185,-0.976601911865576,11.971568531731593
-2.6163530732329687,5.003491481007051,13.100037758280706
-1.3634642889150883,0.46166027673072474,8.967235672320578
-1.2904555054787554,3.95076442577645,12.06606303209833
-2.02921059150306,3.6507243630762964,9.652175802472637
-2.9910731123399694,-2.2275364707851546,9.691610194117844
-1.0177376143446404,-4.188702295703801,11.317609148410725
-2.345728477796615,1.6941701745638067,11.665119359147592
-1.1950584850458332,-3.9354902148778352,12.000451971873838
-1.5785778334353249,0.003700998950206369,9.115894829741517
-1.4073500461916777,-2.4405426549245743,9.828647846877999
-1.2063548134598294,4.656821301740823,11.668693507410566
-2.5011209912507804,2.0330521047534242,10.091783766725584
-2.956494962221641,-1.8257389793240328,12.828504746678714
-0.7188401751629288,-2.8862681783091975,11.79832537264261
-0.6301310704463279,-2.4573976044582726,10.021946435918233
-1.144155508545119,-3.9125828979387087,11.624247546033512
-3.473076173220905,-3.140162706690131,12.18119002562181
-1.507298083264042,3.9658138512114274,9.863433815219853
-2.9416610221174615,3.1697398229387552,13.6294173766813
-3.645696589129128,2.2785631885178113,13.649727402812722
-3.1347549403814705,5.411590141873326,10.364989162812101
-0.6990553998973339,0.9402575037910559,8.85166762854587
-3.6301940173707288,3.554827942414386,11.29450347371619
-1.4050017377960646,5.540187313080674,13.6975019320092
-1.778313433690636,1.652512443688166,8.651117920153247
-0.8973214951852437,3.9173200580918746,12.72192035370341
-0.9698264702608443,2.5229198225854272,12.918954845684503
-3.7856728123601853,3.5113769171106384,11.418786987718018
-2.9302428434912065,2.5106871005592497,13.327108524566384
-1.461239895239395,-2.239340005692933,11.308104313357951
-1.4072046686797854,2.5061102298859197,10.199651035709016
-2.392069256139751,-1.3637205951425302,13.34098345272912
-3.2179023472549844,-1.1491102398362059,13.956785054206932
-3.9950667450971458,-2.792277048793955,13.51653506556695
-1.8638223525984117,5.434425511751973,10.890574729641859
-2.384690505491169,5.634492114258814,11.95958334553612
-1.159964319671027,1.3425323374224227,11.096463146934969
-3.6132038333940915,2.730088559192109,10.413504996448468
-1.7601030636905026,-2.701526722471331,8.874752026880389
-3.109615845878233,-1.471639311172758,11.435411139542978
-3.5190187455417794,5.29242223750561,9.659212057492185
-2.2217328333454143,-3.3080328543413406,11.033524405141044
-0.7002052153893219,3.4220274995081184,11.497926958629371
-0.8140016894211413,4.384395383554098,12.912930113541222
-1.2006613544014693,2.3140191051119636,13.363801150012169
-2.6551134414361965,2.991743823982546,9.178423621416258
-3.613166642028693,-2.096154183369293,9.57860969556534
-2.090877606234796,2.42121812551755,13.048461523224354
-3.5282153356122747,5.637020290331607,14.101467689960085
-3.427151978551027,1.6377757919646871,13.49589814145503
-0.6074320466601923,3.780756825744435,9.261778274850597
-3.178187676741371,-2.0249564796977584,9.396983408308046
-0.862363876648065,1.73514641281528,11.975133142441418
-3.903375877714547,1.7847992245874442,11.842396691511096
-3.4090992950483274,1.3565516144300735,9.967869406831229
-3.3119574619228125,0.17987048633558445,11.95275601099378
-1.0593516835722925,-2.7098291440472266,10.372795853897445
-3.9891521504770253,0.3233703193461386,12.831081778749205
-1.6163050702146946,-3.8876631120274414,10.171399738993408
-2.0138200971570175,0.8755233682879435,12.298582902981748
-3.9651456040361563,3.990791566916032,9.977102219434157
-1.5079094037627616,1.9906896371288223,12.4446453702677
-0.541282790256497,2.016539074518385,12.96021039487659
-2.5547270874202415,-0.8542517774214708,12.495303611422916
-2.399175049024616,5.685081964421165,13.958857844925676
-3.9898621191015304,-0.7815873913257221,12.284362754803286
-2.036697561716209,2.1345012329427764,8.921096295329498
-3.8141518033571353,-3.527360171150372,13.047789045661146
-3.0322218751828895,-3.818163015569756,11.37388827802446
-1.4599741425592772,0.5374493002546687,8.340892803315795
-1.9631513532274356,-3.7186736122493924,13.946328907479863
-0.533126983889102,3.8871141334615142,12.825991058255482
-1.7992072574548064,-3.38842524165359,11.009139860974342
-3.798952216906199,-3.857601512562141,11.443727995162352
-0.8216041042142601,4.834156511762751,12.904427285768653
-3.863314851320463,-3.474788254660393,11.747382408119476
-0.6189941307869362,4.031929675881468,10.242135809034574
-3.0010946377712076,4.595206049655298,8.920747159561007
-3.2297917012170556,0.9650011226910182,13.823538723479063
-3.4456963196235892,0.4518634915425377,13.123909375085212
-2.5045514244082456,-4.715922365151773,9.385013316383981
-3.1582842401527618,0.5253857403191509,13.536489784285973
-3.7998470435611815,-1.9813306528902297,12.75679363529175
-2.1312744547775306,-3.802315219392276,13.01930654889358
-2.0973266045552137,5.591335299879548,11.095856138212133
-0.8033038184165777,-0.5076437504889615,10.95300212296371
-3.4439797630255695,-2.138865879543289,8.837462833391525
-1.6157146174971069,-0.21156069037973158,13.35125616842733
-3.5179258201556296,-4.134210123577356,10.7072519665572
-1.6713342429152638,1.4130146673057906,13.757436448797009
-2.3895676708688245,-2.027679065568351,8.815972121010622
-2.946735342712147,4.607632102470349,8.525191871014488
-3.9325187982099727,5.188061492838134,12.893241601172925
-3.3112635839223996,0.1650958127517166,9.976364226406988
-3.487879549545839,5.0092988023328715,11.232398417095878
-2.817352475472379,1.5426500886289904,8.355683300431727
-2.080754767598684,0.12859529244852919,12.354809599243428
-1.0835430249539724,-3.6126203936993138,9.98995631127961
-3.629515758383609,2.4676940012845074,12.024194316827352
-3.200215035760224,-4.039963648498268,14.018212190144208
-1.1459190230430125,2.65383395638581,11.550306466930849
-3.604307787967749,3.645594885459568,13.371263675896005
-0.6056885916299821,-1.1296490372234689,10.942473571968979
-2.4614476688504805,1.0127950505856083,9.528344762707986
-2.6733750123338753,-3.694918490429539,12.125757622239398
-2.469352256676581,-2.951326168151329,9.708610184719712
-0.9170471658732957,2.2238655655747657,9.526267061450028
-1.5188456553802236,-4.6246226787641875,10.915571231240717
-2.0800115212569597,0.024024873718502704,13.732521931451277
-1.3410412419526354,3.0437895304196303,10.546581646636822
-2.146764527494627,3.998699947077194,13.868119260972584
-3.616749310398966,4.045740453497496,10.397832353249079
-0.826767521662958,3.3698303610984954,11.87137165911436
-1.168957740015733,5.60481092603068,11.422195868889041
-1.378358603898572,1.1062257922817542,11.980728605582675
-2.8648270958845536,0.6273165802981833,12.092570174819969
-1.7519843061815923,3.6216645403540415,13.667924888011719
-1.782153644440747,4.94096661166858,9.837839753074032
-3.677760624408058,0.3011757038950291,8.447028957547928
-3.9062722772584513,2.3431497760117983,12.83263183899643
-3.567866419161888,-4.3508566302632286,14.049037904672039
-3.8960835567779886,0.2061207348123828,13.714549265441
-1.2243112364348732,3.0530372193908732,9.933195719120956
-3.347399312702218,-0.8878944170751941,13.69327809052222
-1.7802550336960872,-2.3141068420773943,11.488040773084286
-3.2298602027374836,0.8745950308160753,9.360269237693752
-1.019827601526139,4.430085218302757,12.822542728741414
-2.5781808969444397,5.500986358325717,11.631210951898723
-2.7196422836947742,-3.795365506929472,8.912589451941555
-2.921010281098931,-2.899017903744672,11.383566241844601
-3.9840642525604433,-1.6964160497630298,14.04259425189476
-1.512029728952902,2.1439961085399384,13.231763449601438
-3.657260325118097,-4.69198043388463,8.352600092622426
-2.1304871566204637,-4.553113879692892,11.15303523010476
-1.3567688605434518,0.7201798895214679,13.336037722936453
-3.411764030496542,-0.9538410993327231,9.314308054819882
-3.061362758389328,2.952282842192119,8.615450464624356
-3.9426033999362184,5.692757519710835,11.646803302457018
-2.3069776104618747,-0.7764527085855049,11.360921284346146
-3.797811899538357,4.5454352414114005,10.866569979590361
-2.219741545782746,0.4507577489474821,9.454704614822253
-3.2161205097177645,0.30086228514338664,12.827929152159943
-1.151571770252163,-3.8145200114008935,12.500455331750508
-0.7515533663606759,-4.2410021585151005,10.861837412634994
-2.962448302916745,-1.9800512123009213,11.24252541539312
-1.338423217210186,1.3507170397985107,11.150819419854502
-1.8058083460612266,0.35790679495844113,12.01918019068131
-0.5665235274270604,-4.832757941717599,10.094871280055232
-1.1822646737893345,-1.3103077376216974,10.566346872897498
-3.9415364192454043,1.2048003273073435,12.025205292335531
-0.7597761344934328,-3.8775722398225234,12.713465360370018
-2.587385982085705,-2.5019178064288083,12.32512694806168
-0.9812543557445741,5.7698602372210885,12.58671210878897
-1.6051163369222063,-1.2356387547343624,14.184275082512386
-3.929479091552655,1.1161093111412086,9.421727490700752
-1.4080616117353153,-3.7170198150411404,9.61796780997922
-3.390601021032514,0.5063317338373805,11.851501511757878
-3.278888008648371,-1.9440647824991473,11.365831874475575
-2.606050022224365,3.0634632473296737,9.063321150154895
-2.3436449838607274,-3.2109841949388658,13.532525544299771
-2.220941692969803,-1.3779755874989679,9.076421582581862
-2.2999105694699358,-0.07289236754597717,8.580810332775908
-0.7578726867997982,1.4666140140276411,10.394130302326712
-2.7760054940714642,-1.3437605716673908,13.400743623637613
-2.1998841159885507,5.161830101041202,10.720885640993156
-0.8013797651116059,-4.557175368308546,13.974263779107558
-2.679009948400131,4.201644039143625,12.214151562286391
-2.125318662192093,-0.8721014398131501,13.622626695071098
-2.8584018553514876,5.479331245701145,12.901209205782909
-3.7911996609758134,5.147420129086294,13.726223735784327
-2.634814625673487,-4.267446480210455,13.277498884658776
-2.670421200554654,-0.8980223683119339,11.212094295511168
-2.3449533782108842,-4.546593646465057,10.425487345236323
-3.766379140342403,2.672102567337607,8.787299649618458
-3.724158011044776,2.2819075174928853,8.585636821762815
-3.880536550030552,3.547081250775374,9.831845193734928
-2.7248947763864066,2.67024763900951,13.942244023403166
-2.9635408537824817,0.10138919404081737,11.266572477995533
-0.582685881971071,2.1135674718380466,8.941334607642927
-0.5113001733426281,1.1067385393781253,12.185451519522124
-2.933603024795271,4.863156853590537,8.48729695787844
-2.9710718641554017,3.6571314496650054,14.157532735517771
-0.6090706177266223,-2.526282078770345,9.046106721795612
-3.5900330837852694,2.29106250796524,13.01363355592148
-0.5912898598706859,-0.5889666051123985,13.077306915151803
-0.7199349808194344,0.8916419345972475,11.05343632866203
-3.661953735134156,-3.215245697897089,12.819967203709258
-2.7976781034833316,0.5284778813774835,12.835584599785296
-2.734311052242667,5.738107509158034,9.906135730336427
-3.6985860855248847,2.7926970077364333,10.69812160491926
-2.2169651252913694,-3.3497234676921366,12.13996944277186
-3.6812623642910243,0.30434290856671975,12.62988251411706
-3.6204873827729203,-0.011664542613251783,13.59943732476816
-3.3965857810344873,4.595129432429177,13.555346204784353
-2.805751893449867,-2.0933491604099905,8.694531116315929
-3.356380801766896,1.2800235144653982,8.460795295540604
-2.9508374274599505,-0.12373737142528451,11.714681218068751
-2.673553475301062,-0.5413618273702374,12.011625877606303
-3.6471175465107346,2.519985656874045,10.094194083680144
-1.2627836520164015,-4.4503276002841625,9.458154068519615
-1.5985022557707822,-4.023116581681573,11.999898250875386
-0.9896012285203941,5.064822943486826,9.21171021072983
-3.1919458787064,3.3805266065394317,11.055431137182776
-2.074606968656185,5.198097457150935,12.029781247005399
-1.1423058512821966,-1.5093890537679306,13.54063229266658
-3.920285335673357,5.701087843872756,13.890436732705616
-1.3874009119108135,2.23384050794259,13.524394800061952
-1.326125834561375,-3.5373947049404117,10.985341756589158
-3.19128910027146,-4.189066026795372,12.92951316225729
-2.7546135855005485,4.447182758501398,10.92737874871443
-2.1846496827010466,-0.9197248505752151,12.351016701061145
-0.5681263581859626,2.8791250308606475,10.468224281292963
-1.9512835565679314,4.254682952713024,9.310853568922624
-3.5039514339184947,4.972865992810643,13.337688117941864
-3.311027783481639,-0.5708396567093033,12.503951933992173
-1.9098669306323681,-0.8268397036321273,12.016795923153845
-3.363624058426333,5.727981369594723,12.144745779113492
-1.157493338469901,2.707442032153156,12.95331977685424
-3.6825613456903534,-2.351831061750652,9.132174561469489
-2.7335057221671253,-3.709858266954135,9.619881151658758
-1.4709127905736663,1.7284532868159257,12.905259533324813
-1.4070656841243578,4.825796851401147,11.865165406470712
-2.612254392580291,4.077072601745403,8.379734309338138
-1.4053423945009977,-4.286172129828287,13.526615947106071
-3.764147286434258,4.659145069458004,13.63397667573872
-3.0636486674016954,1.063572762158337,12.288730534190098
-3.942842577392945,0.636498528169045,12.008369918962607
-2.35741668280836,-4.456607307782217,10.268098032747284
-3.103911253973182,-0.883053296584257,11.575722224789015
-0.602768798580156,-2.9379270684159513,13.01488977715536
-3.6352371028008283,1.3672910912307588,12.352248828002633
-1.137885264556021,3.669798721591272,11.218898130956804
-2.5155160647837933,4.222275145976003,8.586795655920222
-1.0445204832072106,4.749789942332768,10.537416328183127
